dataset,solver,model,Precision,Recall,F1,Object Precision,Object Recall,Object F1
win2k,nl2p,1,0.959546925566343,0.8877245508982036,0.9222395023328149,0.8669910786699108,0.576902320561252,0.6928062216461438
wikihow,nl2p,1,0.7085045193097781,0.8111476952022577,0.756359649122807,0.6565729391973083,0.4892550143266476,0.5606977937403796
cooking,nl2p,1,0.8407002188183808,0.7847222222222222,0.8117473061483202,0.6941946034341783,0.6021276595744681,0.6448917584504368
