dataset,solver,model,Precision,Recall,F1,Object Precision,Object Recall,Object F1
wikihow,gpt3,to,0.6800628648405928,0.7251615992338999,0.7018885413045997,0.3779504893494531,0.525830997196636,0.439792329593033
win2k,gpt3,to,0.9218407596785975,0.9467366841710427,0.9341228719467061,0.49391727493917276,0.5152284263959391,0.5043478260869565
cooking,gpt3,to,0.8063583815028902,0.7939024390243903,0.8000819336337568,0.44645844952593416,0.5603780189009451,0.49697345956852396
