dataset,solver,model,Precision,Recall,F1,Object Precision,Object Recall,Object F1
cooking,gpt3,to,0.8360483447188649,0.6496529195590037,0.731158088235294,0.4748304177079614,0.5815478793178837,0.5227987421383647
wikihow,gpt3,to,0.6492829204693612,0.3785153280972891,0.47823303457106275,0.4267849939491731,0.4380952380952381,0.4323661626481406
win2k,gpt3,to,0.9172066234701224,0.9571750563486101,0.9367647058823529,0.5064500716674629,0.5271009448035803,0.516569200779727
