dataset,solver,model,Precision,Recall,F1,Object Precision,Object Recall,Object F1
win2k,gpt3,to,0.9161196207148067,0.9394166043380703,0.9276218611521417,0.5556655121227115,0.5703402742508887,0.5629072681704261
wikihow,gpt3,to,0.6800692574066949,0.8282567947516402,0.7468835833509403,0.4825197889182058,0.5084274543874892,0.4951349521956172
cooking,gpt3,to,0.7722852512155591,0.7805077805077805,0.7763747454175153,0.5843293492695883,0.6315034086831719,0.6070012071046732
