dataset,solver,model,Precision,Recall,F1,Object Precision,Object Recall,Object F1
wikihow,nl2p,1,0.7925126903553299,0.6599735799207398,0.7201960501657777,0.4817788758492897,0.3830100662902038,0.4267542059909726
win2k,nl2p,1,0.9233716475095786,0.7088235294117647,0.8019966722129784,0.486090775988287,0.43799472295514513,0.4607911172796669
cooking,nl2p,1,0.8720806794055201,0.6947145877378436,0.7733584372793597,0.5033647375504711,0.4609695973705834,0.4812352562727858
