dataset,solver,model,Precision,Recall,F1,Object Precision,Object Recall,Object F1
cooking,nl2p-1,gpt-4o-mini,0.5753952239403801,0.6858913833055233,0.613775055150588,0.5223768922916304,0.6151820756723314,0.5338217625519697
wikihow,nl2p-1,gpt-4o-mini,0.35737948165588,0.5614854860428432,0.42957485084605573,0.6014639311456937,0.5771900681937401,0.5511512219590555
win2k,nl2p-1,gpt-4o-mini,0.9541858460518747,0.8809341091808626,0.9118887615972859,0.8667505592841164,0.6984899328859061,0.7355504953659315
