dataset,solver,model,Precision,Recall,F1,Object Precision,Object Recall,Object F1
cooking,nl2p,gpt-4o-mini,0.6812018859560338,0.6291359972790339,0.6459514191077493,0.5516590678824721,0.6180067439209727,0.552349124722795
wikihow,nl2p,gpt-4o-mini,0.4906012930195729,0.4324841203493931,0.45017017070877474,0.5957451499118165,0.5527323892519971,0.536952822655437
win2k,nl2p,gpt-4o-mini,0.9605572638040171,0.8552903986345544,0.8990853683049439,0.8355877268798617,0.6822385479688851,0.712456956277181
