dataset,solver,model,Precision,Recall,F1,Object Precision,Object Recall,Object F1
cooking,gpt3-to-plan,gpt-4o-mini,0.5904606430889566,0.6456764813932228,0.6047984334657951,0.6296222302182354,0.6839316396661758,0.6398088757116158
wikihow,gpt3-to-plan,gpt-4o-mini,0.3903384178893592,0.4614343960466573,0.4146511763240496,0.48992123165055496,0.553968253968254,0.4974026335680471
win2k,gpt3-to-plan,gpt-4o-mini,0.8995420410833944,0.9281525112693944,0.9090680085042624,0.6341663267613293,0.6796728345400912,0.6447735334300096
