dataset,solver,model,Precision,Recall,F1,Object Precision,Object Recall,Object F1
cooking,nl2p,3,0.7455058160028198,0.8559287737757992,0.7969103240391862,0.6982872200263505,0.5174096973641393,0.594392523364486
wikihow,nl2p,3,0.6060855263157895,0.8557826288899211,0.7096090891584826,0.6049879324215608,0.3821138211382114,0.4683899096854563
win2k,nl2p,3,0.8929110105580694,0.8849028400597907,0.8888888888888888,0.6310763888888888,0.3860860329261816,0.47907742998352554
