dataset,solver,model,Precision,Recall,F1,Object Precision,Object Recall,Object F1
win2k,nl2p,1,0.9725022914757103,0.7959489872468117,0.8754125412541253,0.6492424242424243,0.5134811264230078,0.5734359317497492
cooking,nl2p,1,0.8611955420466059,0.7036423841059603,0.774487471526196,0.46705308114704086,0.6039447731755424,0.5267503870634783
wikihow,nl2p,1,0.7336435806186696,0.6703351675837919,0.7005620180368579,0.3710214655810511,0.46240774907749077,0.41170431211498976
