dataset,solver,model,Precision,Recall,F1,Object Precision,Object Recall,Object F1
wikihow,nl2p,1,0.7309113300492611,0.8918106686701728,0.8033840947546532,0.7135593220338983,0.5105682605682605,0.5952332862048071
win2k,nl2p,1,0.945859872611465,0.8885564697083022,0.9163131507905901,0.7910699241786016,0.5040257648953301,0.6157377049180328
cooking,nl2p,1,0.8513119533527697,0.8411522633744856,0.8462016145725523,0.6934782608695652,0.6429291232784683,0.6672476904305387
