dataset,solver,model,Precision,Recall,F1,Object Precision,Object Recall,Object F1
win2k,nl2p,1,0.959546925566343,0.8877245508982036,0.9222395023328149,0.8724614134849715,0.579600647598489,0.6964980544747081
cooking,nl2p,1,0.8407002188183808,0.7847222222222222,0.8117473061483202,0.6882845188284519,0.5833333333333334,0.6314779270633398
wikihow,nl2p,1,0.7085045193097781,0.8111476952022577,0.756359649122807,0.6563102119460501,0.48800143266475643,0.5597781429745275
