dataset,solver,model,Precision,Recall,F1,Object Precision,Object Recall,Object F1
cooking,nl2p_1,gemma3-27b,0.9230384807596201,0.7535699714402285,0.8297394429469902,0.7303082191780822,0.6541411042944786,0.6901294498381877
wikihow,nl2p_1,gemma3-27b,0.8572325070599309,0.6567307692307692,0.7437049135701647,0.7147325617766657,0.5248047772163528,0.6052178519401404
win2k,nl2p_1,gemma3-27b,0.9507640067911715,0.8395802098950524,0.89171974522293,0.8230563002680965,0.5420835785756327,0.6536550745209369
