dataset,solver,model,Precision,Recall,F1,Object Precision,Object Recall,Object F1,adjusted_precision,adjusted_recall,adjusted_f1,perfect_action_argument_matches,argument_mismatch_actions,matched_action_events
cooking,nl2p_1,gemma3-27b,0.9218356026222895,0.7501025851456709,0.8271493212669684,0.7474003466204506,0.6673114119922631,0.7050889025137953,0.8222116301239275,0.8202567760342369,0.8212330397524399,979,849,1828
wikihow,nl2p_1,gemma3-27b,0.850799869409076,0.6406096361848574,0.7308932828495303,0.7701719576719577,0.5641957364341085,0.6512863534675615,0.8056035973711518,0.8011695906432749,0.803380476026216,1146,1460,2606
win2k,nl2p_1,gemma3-27b,0.945264986967854,0.8217522658610272,0.8791919191919192,0.8425414364640884,0.552536231884058,0.6673960612691467,0.8425414364640884,0.8806544754571703,0.8611764705882352,490,598,1088
