dataset,solver,model,Precision,Recall,F1,Object Precision,Object Recall,Object F1,adjusted_precision,adjusted_recall,adjusted_f1,perfect_action_argument_matches,argument_mismatch_actions,matched_action_events
cooking,nl2p_1,gemma3-27b,0.7473631341034656,0.6108374384236454,0.6722385362548001,0.7232237539766702,0.644307982994804,0.6814888833374968,0.7944088526499709,0.7902665121668598,0.792332268370607,756,732,1488
wikihow,nl2p_1,gemma3-27b,0.6411329256517541,0.4878765613519471,0.5541029207232266,0.6729957805907173,0.49859331040950294,0.5728137906266835,0.7038834951456311,0.6925749023013461,0.6981834099365288,766,1226,1992
win2k,nl2p_1,gemma3-27b,0.9533275713050994,0.8311981914091937,0.8880837359098229,0.7407071622846781,0.4840047393364929,0.5854532425653888,0.7427272727272727,0.7614165890027959,0.7519558214450067,412,691,1103
