dataset,solver,model,Precision,Recall,F1,Object Precision,Object Recall,Object F1
cooking,nl2p_1,gemma3-27b,0.9218356026222895,0.7501025851456709,0.8271493212669684,0.7474003466204506,0.6673114119922631,0.7050889025137953
wikihow,nl2p_1,gemma3-27b,0.850799869409076,0.6406096361848574,0.7308932828495303,0.7701719576719577,0.5641957364341085,0.6512863534675615
win2k,nl2p_1,gemma3-27b,0.945264986967854,0.8217522658610272,0.8791919191919192,0.8425414364640884,0.552536231884058,0.6673960612691467
