dataset,solver,model,Precision,Recall,F1,Object Precision,Object Recall,Object F1,adjusted_precision,adjusted_recall,adjusted_f1,perfect_action_argument_matches,argument_mismatch_actions,matched_action_events
cooking,nl2p_1,gemma3-27b,0.7332324760463943,0.5966352072219943,0.657918552036199,0.7303867403314918,0.638030888030888,0.6810922205048944,0.7997580157289776,0.7911430281268701,0.7954271961492179,748,706,1454
wikihow,nl2p_1,gemma3-27b,0.6379366634018936,0.478921568627451,0.5471090578188437,0.6657906263688129,0.48906048906048905,0.5639028009645706,0.6988505747126437,0.6758559359715429,0.6871609403254972,734,1220,1954
win2k,nl2p_1,gemma3-27b,0.94874022589053,0.824773413897281,0.8824242424242424,0.7406049495875344,0.4855769230769231,0.5865698729582577,0.744700460829493,0.7601128880526811,0.7523277467411544,407,685,1092
