dataset,solver,model,Precision,Recall,F1,Object Precision,Object Recall,Object F1
win2k,gpt3,to,0.9513677811550152,0.9385307346326837,0.9449056603773586,0.70231822971549,0.6811446090955544,0.6915693904020752
cooking,gpt3,to,0.8070175438596491,0.8418056120374136,0.8240445859872612,0.6284885828198623,0.5736023817399933,0.5997924593566241
wikihow,gpt3,to,0.37867996201329535,0.7566413662239089,0.5047468354430379,0.5291017964071856,0.4238296239447429,0.4706509001811015
