dataset,solver,model,Precision,Recall,F1,Object Precision,Object Recall,Object F1
cooking,nl2p,1,0.8894518654997697,0.8189143341815097,0.8527268712740119,0.7131458966565349,0.669162210338681,0.6904542946477837
wikihow,nl2p,1,0.7297297297297297,0.8590909090909091,0.7891440501043842,0.7078571428571429,0.5158771473191046,0.5968081903041254
win2k,nl2p,1,0.9397303727200634,0.8863126402393419,0.9122401847575057,0.7483164983164983,0.47898706896551724,0.5840998685939552
