dataset,solver,model,Precision,Recall,F1,Object Precision,Object Recall,Object F1
win2k,nl2p,2,0.9250965250965251,0.8960359012715033,0.9103343465045592,0.8181818181818182,0.5099685204616999,0.6283128636069814
wikihow,nl2p,2,0.6131229235880399,0.861577964519141,0.7164208074534161,0.6694677871148459,0.4455177088629046,0.535002035002035
cooking,nl2p,2,0.7404820118756549,0.8576051779935275,0.7947516401124648,0.7621644295302014,0.5916639531097363,0.6661778185151239
