dataset,solver,model,Precision,Recall,F1,Object Precision,Object Recall,Object F1
cooking,nl2p,1,0.9348484848484848,0.7614150555327026,0.8392654726819315,0.6341123125217998,0.6652030735455543,0.6492857142857142
wikihow,nl2p,1,0.8645833333333334,0.6857733023495998,0.7648668106551476,0.6647791619479049,0.5479579929988332,0.6007419726237687
win2k,nl2p,1,0.9619520264681555,0.8711610486891386,0.9143081761006289,0.8457047539616347,0.5553121577217963,0.6704132231404959
