dataset,solver,model,Precision,Recall,F1,Object Precision,Object Recall,Object F1
cooking,nl2p,1,0.9272908366533864,0.7719734660033167,0.8425339366515836,0.6434285714285715,0.6150764748725419,0.6289331595606032
wikihow,nl2p,1,0.867564534231201,0.7450602409638554,0.801659320715582,0.6701030927835051,0.530982267383941,0.592485549132948
win2k,nl2p,1,0.9715956558061821,0.8711610486891386,0.9186413902053712,0.8722358722358723,0.5829228243021346,0.6988188976377953
