dataset,solver,model,Precision,Recall,F1,Object Precision,Object Recall,Object F1,adjusted_precision,adjusted_recall,adjusted_f1,perfect_action_argument_matches,argument_mismatch_actions,matched_action_events
cooking,nl2p_1_coref,gemma3-27b,0.7301980198019802,0.6057494866529775,0.6621773288439956,0.7303664921465969,0.6636536631779257,0.6954137587238285,0.7989690721649485,0.810575246949448,0.8047303143928468,762,713,1475
wikihow,nl2p_1_coref,gemma3-27b,0.6321801566579635,0.47336265884652984,0.5413638904415875,0.6870868223887175,0.5027410512737827,0.580633147113594,0.7177716390423573,0.7054298642533937,0.7115472387037882,762,1175,1937
win2k,nl2p_1_coref,gemma3-27b,0.9567519858781994,0.8193499622071051,0.8827361563517915,0.7552897884084636,0.49547374773687386,0.5983965014577259,0.7587800369685767,0.7863984674329502,0.7723424270931326,412,672,1084
