dataset,solver,model,Precision,Recall,F1,Object Precision,Object Recall,Object F1,adjusted_precision,adjusted_recall,adjusted_f1,perfect_action_argument_matches,argument_mismatch_actions,matched_action_events
cooking,nl2p_1_coref,gemma3-27b,0.9118811881188119,0.7561576354679803,0.8267504488330342,0.757040773434216,0.6900383141762452,0.7219883744237322,0.8280459770114943,0.8361188486536676,0.832062832062832,1004,838,1842
wikihow,nl2p_1_coref,gemma3-27b,0.8482375979112271,0.6388888888888888,0.7288278182837914,0.7933110367892977,0.5751697381183317,0.6668540905257239,0.8247566063977747,0.8227540756156781,0.8237541239798577,1170,1429,2599
win2k,nl2p_1_coref,gemma3-27b,0.9532215357458076,0.8163265306122449,0.8794788273615636,0.8345656192236599,0.5479368932038835,0.6615384615384615,0.8353376503237743,0.8784046692607004,0.856330014224751,483,597,1080
