dataset,solver,model,Precision,Recall,F1,Object Precision,Object Recall,Object F1
cooking,nl2p_1_coref,gemma3-27b,0.9127023050514959,0.7592819257445941,0.8289532293986638,0.7377593360995851,0.6745068285280729,0.7047166072136346
wikihow,nl2p_1_coref,gemma3-27b,0.8547276142767689,0.65625,0.7424530867555071,0.7409391742830129,0.5394676457090408,0.6243526756074891
win2k,nl2p_1_coref,gemma3-27b,0.9586206896551724,0.8342085521380345,0.8920978740473324,0.8188340807174888,0.539598108747045,0.6505165657285358
