dataset,solver,model,Precision,Recall,F1,Object Precision,Object Recall,Object F1,adjusted_precision,adjusted_recall,adjusted_f1,perfect_action_argument_matches,argument_mismatch_actions,matched_action_events
cooking,nl2p_1_coref,gemma3-27b,0.7341329335332334,0.6035332785538209,0.662457722660654,0.745367919534145,0.6610328638497652,0.7006718089076884,0.8068767908309455,0.8096607245543416,0.8082663605051664,759,710,1469
wikihow,nl2p_1_coref,gemma3-27b,0.641206675224647,0.4881505008551185,0.5543071161048689,0.7036559139784946,0.5154379332073094,0.5950172758683396,0.7366051328230527,0.7238938053097345,0.7301941530908279,818,1180,1998
win2k,nl2p_1_coref,gemma3-27b,0.9558441558441558,0.8313253012048193,0.8892468787756745,0.7459312839059674,0.4890337877889745,0.5907626208378087,0.7486388384754991,0.7724719101123596,0.7603686635944701,419,685,1104
