dataset,solver,model,Precision,Recall,F1,Object Precision,Object Recall,Object F1
cooking,nl2p_1_coref,gemma3-27b,0.9118811881188119,0.7561576354679803,0.8267504488330342,0.757040773434216,0.6900383141762452,0.7219883744237322
wikihow,nl2p_1_coref,gemma3-27b,0.8482375979112271,0.6388888888888888,0.7288278182837914,0.7933110367892977,0.5751697381183317,0.6668540905257239
win2k,nl2p_1_coref,gemma3-27b,0.9532215357458076,0.8163265306122449,0.8794788273615636,0.8345656192236599,0.5479368932038835,0.6615384615384615
