dataset,solver,model,Precision,Recall,F1,Object Precision,Object Recall,Object F1
cooking,nl2p,1,0.8342636324602833,0.7911237785016286,0.812121212121212,0.7408365674859854,0.6023842917251052,0.6644749564881068
wikihow,nl2p,1,0.717581713309122,0.7924038688369899,0.7531390134529149,0.682184655396619,0.48529139685476413,0.5671351351351351
win2k,nl2p,1,0.9412711182622687,0.874439461883408,0.9066253390158853,0.8213087248322147,0.5355579868708972,0.6483443708609271
