dataset,solver,model,Precision,Recall,F1,Object Precision,Object Recall,Object F1
win2k,gpt3,to,0.9225712198685172,0.9474868717179294,0.9348630643967432,0.4892996108949416,0.5104008117706748,0.49962751427861934
cooking,gpt3,to,0.8075970272502064,0.7947988622511174,0.8011468359614992,0.44617092119866814,0.5618448637316562,0.49737086297556443
wikihow,gpt3,to,0.6827570722945667,0.727511961722488,0.704424368774612,0.3777618364418938,0.5252343905844804,0.4394558958524576
