dataset,solver,model,Precision,Recall,F1,Object Precision,Object Recall,Object F1
win2k,gpt3,to,0.9521276595744681,0.93928035982009,0.9456603773584905,0.6929963138493944,0.6721144024514811,0.6823956442831216
wikihow,gpt3,to,0.3791547958214625,0.757230915125652,0.5052997943363392,0.5289335246293639,0.42391720965887314,0.4706382978723404
cooking,gpt3,to,0.8077972709551657,0.8422764227642277,0.8246766169154228,0.6266280752532561,0.5721836802114305,0.5981695734760836
