dataset,solver,model,Precision,Recall,F1,Object Precision,Object Recall,Object F1
wikihow,nl2p,1,0.8068714211348256,0.7398568019093079,0.7719123505976095,0.6804716709807305,0.475769153428514,0.56
cooking,nl2p,1,0.8912938912938912,0.7594262295081967,0.8200929409161317,0.6939486286460601,0.5843108504398827,0.6344278606965176
win2k,nl2p,1,0.9790619765494137,0.8796087283671934,0.9266745937376138,0.90150842945874,0.5551912568306011,0.687182955698343
