dataset,solver,model,Precision,Recall,F1,Object Precision,Object Recall,Object F1,adjusted_precision,adjusted_recall,adjusted_f1,perfect_action_argument_matches,argument_mismatch_actions,matched_action_events
cooking,nl2p_1,gpt-5.4,0.7495327102803738,0.6563011456628478,0.6998254799301921,0.6384180790960452,0.7021748779405238,0.6687803846966814,0.7317298797409806,0.8514531754574811,0.7870646766169153,692,912,1604
wikihow,nl2p_1,gpt-5.4,0.5946759259259259,0.6100688672524341,0.6022740593130934,0.6004579278763594,0.5107108081791626,0.5519600105235464,0.6386605783866058,0.7348511383537654,0.6833876221498372,822,1747,2569
win2k,nl2p_1,gpt-5.4,0.9501661129568106,0.884080370942813,0.9159327461969575,0.768313458262351,0.4926269797924631,0.6003327787021631,0.802491103202847,0.8082437275985663,0.8053571428571428,465,679,1144
