dataset,solver,model,Precision,Recall,F1,Object Precision,Object Recall,Object F1,adjusted_precision,adjusted_recall,adjusted_f1,perfect_action_argument_matches,argument_mismatch_actions,matched_action_events
cooking,nl2p_1,gpt-5.4,0.9147858129894058,0.8086319218241043,0.8584395936892155,0.6669921875,0.7344086021505376,0.699078812691914,0.7639821029082774,0.8793991416309013,0.8176376695929769,911,1075,1986
wikihow,nl2p_1,gpt-5.4,0.7574050896954526,0.8395375722543352,0.7963592499177542,0.68889784404594,0.591522491349481,0.6365074932514195,0.735268817204301,0.8063679245283019,0.7691788526434195,1395,2236,3631
win2k,nl2p_1,gpt-5.4,0.9502407704654896,0.8875562218890555,0.9178294573643411,0.78125,0.514626218851571,0.6205094709340301,0.8175559380378657,0.7890365448504983,0.8030431107354185,457,727,1184
