dataset,solver,model,Precision,Recall,F1,Object Precision,Object Recall,Object F1
cooking,nl2p_1,gpt-5.4,0.9085997298514182,0.8183292781832928,0.8611051845530191,0.6401142494446208,0.7152482269503546,0.6755987271813767
wikihow,nl2p_1,gpt-5.4,0.7351050150021432,0.799720214502215,0.7660524846454495,0.6570942352690917,0.5674136664217487,0.608969935929029
win2k,nl2p_1,gpt-5.4,0.9598031173092699,0.8777194298574643,0.9169278996865203,0.7805280528052805,0.5169398907103825,0.6219592373438526
