dataset,solver,model,Precision,Recall,F1,Object Precision,Object Recall,Object F1,adjusted_precision,adjusted_recall,adjusted_f1
cooking,nl2p_1,gpt-5.4,0.9072727272727272,0.8143614851081191,0.8583100408514298,0.6470022443090734,0.7214873078298176,0.6822177146720758,0.7617969044922612,0.8762483716891012,0.8150242326332795
wikihow,nl2p_1,gpt-5.4,0.7249500111086425,0.7710302457466919,0.7472804305507843,0.6816952209197475,0.584460765365288,0.6293444328824142,0.749814034217704,0.8679678530424799,0.8045762937342026
win2k,nl2p_1,gpt-5.4,0.9555369127516778,0.8775038520801233,0.914859437751004,0.8277919863597613,0.5343973582828839,0.6494983277591974,0.8585322723253758,0.8941068139963168,0.87595850248083
