dataset,solver,model,Precision,Recall,F1,Object Precision,Object Recall,Object F1,adjusted_precision,adjusted_recall,adjusted_f1,perfect_action_argument_matches,argument_mismatch_actions,matched_action_events
cooking,nl2p_1,gpt-5.4,0.7404545454545455,0.6646266829865362,0.7004945173081059,0.6288659793814433,0.6910675381263617,0.6585011417894956,0.7153811456923771,0.8413793103448276,0.7732813261823501,704,925,1629
wikihow,nl2p_1,gpt-5.4,0.55343257053988,0.5914055080721747,0.5717892803856308,0.6172036653857523,0.5243596182822702,0.5670061099796334,0.6566037735849056,0.7475832438238453,0.6991461577096936,846,1645,2491
win2k,nl2p_1,gpt-5.4,0.9555369127516778,0.878858024691358,0.9155948553054664,0.7701441899915182,0.49753424657534245,0.6045272969374168,0.805678793256433,0.8143497757847533,0.8099910793933988,468,671,1139
