dataset,solver,model,Precision,Recall,F1,Object Precision,Object Recall,Object F1
cooking,nl2p,1,0.8634453781512605,0.8435960591133005,0.853405315614618,0.713821725009022,0.6664420485175202,0.6893186966370448
wikihow,nl2p,1,0.7094929470072436,0.9003386550556362,0.7936034115138593,0.7106657452199954,0.5153691947878383,0.5974629611697492
win2k,nl2p,1,0.9451510333863276,0.8899700598802395,0.9167309175019276,0.7843959731543624,0.5032292787944026,0.6131147540983607
