dataset,solver,model,Precision,Recall,F1,Object Precision,Object Recall,Object F1
win2k,nl2p,1,0.9715956558061821,0.8711610486891386,0.9186413902053712,0.8673218673218673,0.5796387520525451,0.6948818897637795
wikihow,nl2p,1,0.867564534231201,0.7450602409638554,0.801659320715582,0.6703462117410939,0.532376967523411,0.5934480843975569
cooking,nl2p,1,0.9272908366533864,0.7719734660033167,0.8425339366515836,0.6505035434539351,0.6351056081573198,0.6427123641053989
