dataset,solver,model,Precision,Recall,F1,Object Precision,Object Recall,Object F1,adjusted_precision,adjusted_recall,adjusted_f1,perfect_action_argument_matches,argument_mismatch_actions,matched_action_events
cooking,gpt3_to_plan,gpt-5.4-mini,0.7907630522088354,0.8007320048800325,0.79571630632451,0.6451182939020327,0.7081199707388441,0.6751525719267654,0.7202380952380952,0.8093645484949833,0.7622047244094488,978,991,1969
wikihow,gpt3_to_plan,gpt-5.4-mini,0.7665476517440264,0.6686631528509823,0.7142674344209853,0.6264677103718199,0.569364161849711,0.5965525273701373,0.6748353096179183,0.7055096418732782,0.6898316498316498,1107,1684,2791
win2k,gpt3_to_plan,gpt-5.4-mini,0.9464958553127355,0.9415292353823088,0.9440060127771516,0.6483386075949367,0.859916054564533,0.7392873252142534,0.678113363673976,0.8769395398608881,0.7648156789547363,875,381,1256
