dataset,solver,model,Precision,Recall,F1,Object Precision,Object Recall,Object F1,adjusted_precision,adjusted_recall,adjusted_f1,perfect_action_argument_matches,argument_mismatch_actions,matched_action_events
cooking,gpt3_to_plan,gpt-5.4-mini,0.8389974511469839,0.8057935536515708,0.822060353798127,0.6842980705256154,0.7463715529753265,0.7139881985421729,0.7765194412986033,0.8385650224215246,0.8063504508036063,1011,964,1975
wikihow,gpt3_to_plan,gpt-5.4-mini,0.7660668380462725,0.6591300073728189,0.7085865257595773,0.7314372011074755,0.6783380018674137,0.7038876105122925,0.7950752393980848,0.8369815668202765,0.8154903886628313,1310,1372,2682
win2k,gpt3_to_plan,gpt-5.4-mini,0.9515625,0.9326186830015314,0.9419953596287703,0.7365301724137931,0.7225158562367865,0.7294557097118464,0.771880293619424,0.7267410951621478,0.7486308871851041,782,436,1218
