dataset,solver,model,Precision,Recall,F1,Object Precision,Object Recall,Object F1,adjusted_precision,adjusted_recall,adjusted_f1,perfect_action_argument_matches,argument_mismatch_actions,matched_action_events
cooking,gpt3_to_plan,gpt-5.4-mini,0.6393372982158029,0.6135344476151651,0.6261701685042647,0.6405550581915846,0.6778777830412127,0.6586881472957423,0.7216338880484114,0.7693548387096775,0.7447306791569086,722,783,1505
wikihow,gpt3_to_plan,gpt-5.4-mini,0.5698371893744645,0.48789435069699194,0.5256916996047432,0.6446169422882214,0.5939054726368159,0.6182230134325943,0.6965718453683443,0.7394502516453736,0.7173708920187793,856,1139,1995
win2k,gpt3_to_plan,gpt-5.4-mini,0.9515625,0.9340490797546013,0.9427244582043345,0.6681011296395912,0.6561014263074485,0.6620469083155651,0.7028862478777589,0.6659517426273458,0.6839207048458149,702,516,1218
