dataset,solver,model,Precision,Recall,F1,Object Precision,Object Recall,Object F1,adjusted_precision,adjusted_recall,adjusted_f1,perfect_action_argument_matches,argument_mismatch_actions,matched_action_events
cooking,gpt3_to_plan,gpt-5.4-mini,0.5955882352941176,0.5958316305680424,0.5957099080694587,0.6398040961709706,0.7051030421982336,0.6708683473389355,0.7135054617676266,0.8059450364554123,0.7569133526468266,709,749,1458
wikihow,gpt3_to_plan,gpt-5.4-mini,0.6018018018018018,0.4920206236189541,0.5414021342698906,0.6494983277591974,0.5955228457528365,0.621340585506319,0.6950608446671439,0.728978978978979,0.7116159765481862,870,1134,2004
win2k,gpt3_to_plan,gpt-5.4-mini,0.947940947940948,0.932009167303285,0.9399075500770417,0.6884646628757108,0.902075572112826,0.7809260539046302,0.7225063938618926,0.9172077922077922,0.8082975679542204,910,310,1220
