dataset,solver,model,Precision,Recall,F1,Object Precision,Object Recall,Object F1
cooking,nl2p,1,0.9099099099099099,0.7475328947368421,0.8207674943566592,0.7321045863694814,0.6399400524541027,0.6829268292682927
wikihow,nl2p,1,0.8332386363636364,0.7139727361246349,0.7690089145254325,0.6938596491228071,0.5053236797274276,0.5847708230655495
win2k,nl2p,1,0.9694656488549618,0.8561797752808988,0.9093078758949881,0.8657777777777778,0.543223647518126,0.6675805346127485
