dataset,solver,model,Precision,Recall,F1,Object Precision,Object Recall,Object F1
cooking,gpt3,to,0.8993055555555556,0.10864093959731544,0.1938622754491018,0.46078431372549017,0.2379746835443038,0.3138564273789649
wikihow,gpt3,to,0.6608863198458574,0.09021567596002104,0.158759546401296,0.275,0.01936619718309859,0.03618421052631579
win2k,gpt3,to,0.8616796047988708,0.9125560538116592,0.8863883847549908,0.45211693548387094,0.4794227685729556,0.4653696498054474
