dataset,solver,model,Precision,Recall,F1,Object Precision,Object Recall,Object F1
win2k,nl2p,2,0.8563300142247511,0.8985074626865671,0.876911871813547,0.7944307944307945,0.5065274151436031,0.6186224489795918
wikihow,nl2p,2,0.5908052976099863,0.8946519133241125,0.7116530668378106,0.5158478605388273,0.42,0.4630156472261736
cooking,nl2p,2,0.7220602526724975,0.9006060606060606,0.8015102481121897,0.5931511153000314,0.5905536440412887,0.5918495297805643
