dataset,solver,model,Precision,Recall,F1,Object Precision,Object Recall,Object F1,adjusted_precision,adjusted_recall,adjusted_f1,perfect_action_argument_matches,argument_mismatch_actions,matched_action_events
cooking,gpt3_to_plan,gpt-5.4,0.6850425618159708,0.6858766233766234,0.6854593388764956,0.6457822891144557,0.7636589403973509,0.699791390100512,0.7341822522881019,0.8451672010994045,0.7857751277683134,863,827,1690
wikihow,gpt3_to_plan,gpt-5.4,0.5507944150216658,0.552390149686142,0.5515911282545805,0.605896805896806,0.6620134228187919,0.6327132777421425,0.6684738411493629,0.7949709864603481,0.7262553379472833,1002,1286,2288
win2k,gpt3_to_plan,gpt-5.4,0.8978211870773855,0.9171143514965464,0.9073652239939255,0.594853683148335,0.6390243902439025,0.6161484191272537,0.6218354430379747,0.6605042016806723,0.6405867970660147,689,506,1195
