dataset,solver,model,Precision,Recall,F1,Object Precision,Object Recall,Object F1,adjusted_precision,adjusted_recall,adjusted_f1,perfect_action_argument_matches,argument_mismatch_actions,matched_action_events
cooking,gpt3_to_plan,gpt-5.4,0.6686650679456435,0.6800813008130081,0.6743248690044337,0.6333680194242108,0.7675493905002102,0.694032687191182,0.7301079568172731,0.8441978733240869,0.7830188679245284,829,844,1673
wikihow,gpt3_to_plan,gpt-5.4,0.5627630601634068,0.5522351797862002,0.5574494175352545,0.6083231334149327,0.6683700914470145,0.6369345123670384,0.6719848566792861,0.7957092539225105,0.7286321653716465,1008,1265,2273
win2k,gpt3_to_plan,gpt-5.4,0.8156077348066298,0.9056748466257669,0.8582848837209303,0.6235435918039374,0.8430200977729495,0.7168591224018476,0.6488294314381271,0.8627015008337966,0.7406346933905988,807,374,1181
