dataset,solver,model,Precision,Recall,F1,Object Precision,Object Recall,Object F1,adjusted_precision,adjusted_recall,adjusted_f1,perfect_action_argument_matches,argument_mismatch_actions,matched_action_events
cooking,gpt3_to_plan,gpt-5.4,0.8390758005674909,0.8400974025974026,0.8395862908132224,0.6760196702343072,0.8083708059494984,0.7362948960302458,0.7697628458498024,0.8818867924528302,0.8220189940204011,1122,948,2070
wikihow,gpt3_to_plan,gpt-5.4,0.7373615792007704,0.7414669571532316,0.7394085697042848,0.6723693892568064,0.7410786699107867,0.7050540123456789,0.7477495908346972,0.8800866843245846,0.80853887844265,1455,1608,3063
win2k,gpt3_to_plan,gpt-5.4,0.9030803906836965,0.9210727969348659,0.9119878603945372,0.723630831643002,0.7692722371967655,0.7457538541938855,0.7546271813855103,0.7814895947426068,0.7678235135862255,838,364,1202
