dataset,solver,model,Precision,Recall,F1,Object Precision,Object Recall,Object F1
win2k,nl2p,1,0.9262560777957861,0.8626415094339622,0.8933177022274326,0.7418788410886743,0.4723309111235327,0.5771857923497268
wikihow,nl2p,1,0.7829557157569516,0.728732326863168,0.7548715402755367,0.7268074216250799,0.458989898989899,0.5626547795938583
cooking,nl2p,1,0.8912936546974914,0.748451053283767,0.8136506511001349,0.7286263208453411,0.5700864336715521,0.6396795277250686
