dataset,solver,model,Precision,Recall,F1,Object Precision,Object Recall,Object F1,adjusted_precision,adjusted_recall,adjusted_f1,perfect_action_argument_matches,argument_mismatch_actions,matched_action_events
cooking,nl2p_1_coref,gpt-5.4,0.7398148148148148,0.6533115290269829,0.693877551020408,0.6282154340836013,0.6903710247349824,0.6578282828282828,0.7130474452554745,0.8340448239060833,0.7688145597638958,675,923,1598
wikihow,nl2p_1_coref,gpt-5.4,0.5926365795724465,0.5916528337680815,0.5921442980894742,0.6090137547556336,0.5197302697302697,0.5608408570273548,0.6446716232961586,0.7408330366678534,0.6894152724863343,825,1670,2495
win2k,nl2p_1,gpt-5.4,0.9685641461342396,0.8844065166795966,0.9245742092457421,0.7861952861952862,0.5062330623306233,0.6158918562479392,0.8171478565179353,0.8384201077199281,0.8276473194505982,475,665,1140
win2k,nl2p_1_coref,gpt-5.4,0.9721988205560236,0.8931888544891641,0.9310205728116177,0.7914572864321608,0.5102591792656588,0.6204858831254103,0.8238884045335658,0.8422459893048129,0.8329660643455267,482,672,1154
