dataset,solver,model,Precision,Recall,F1,Object Precision,Object Recall,Object F1,adjusted_precision,adjusted_recall,adjusted_f1,perfect_action_argument_matches,argument_mismatch_actions,matched_action_events
cooking,nl2p_1_coref,gpt-5.4,0.7278053177106805,0.6599918267266041,0.6922417488212602,0.6338709677419355,0.6912928759894459,0.6613378207824989,0.7194508009153318,0.8317460317460318,0.7715337423312885,693,922,1615
wikihow,nl2p_1_coref,gpt-5.4,0.5679403120054262,0.596816345925398,0.582020389249305,0.613482484545187,0.5216520650813516,0.5638528138528138,0.6547282437951618,0.7419010323958705,0.6955941255006677,857,1655,2512
win2k,nl2p_1,gpt-5.4,0.9685641461342396,0.8844065166795966,0.9245742092457421,0.7861952861952862,0.5062330623306233,0.6158918562479392,0.8171478565179353,0.8384201077199281,0.8276473194505982,475,665,1140
