dataset,solver,model,Precision,Recall,F1,Object Precision,Object Recall,Object F1,adjusted_precision,adjusted_recall,adjusted_f1,perfect_action_argument_matches,argument_mismatch_actions,matched_action_events
cooking,nl2p_1_coref,gpt-5.4,0.8977016674177557,0.8140580302411116,0.853836262323189,0.6472868217054264,0.716994633273703,0.6803598709896452,0.7359529930224018,0.8567764001710133,0.7917819043856185,886,1106,1992
wikihow,nl2p_1_coref,gpt-5.4,0.7343432059687994,0.769850675515525,0.7516778523489932,0.6744186046511628,0.5837404729333594,0.6258118583699979,0.7235949612403101,0.8299527646568491,0.773133169405979,1207,2041,3248
win2k,nl2p_1,gpt-5.4,0.9634664401019541,0.8783888458559257,0.9189627228525122,0.8181818181818182,0.5285400658616904,0.642214071357119,0.8395815170008718,0.8667866786678667,0.8529672276350754,494,640,1134
