dataset,solver,model,Precision,Recall,F1,Object Precision,Object Recall,Object F1
cooking,nl2p_1,gpt-5.4,0.8987059348505132,0.8186991869918699,0.856838970431823,0.6416240409207161,0.7109458023379384,0.6745084859687448
wikihow,nl2p_1,gpt-5.4,0.744768962510898,0.7983644859813084,0.77063599458728,0.6529874548160749,0.5676524953789279,0.6073370908731336
win2k,nl2p_1,gpt-5.4,0.9700996677740864,0.8775356874530428,0.9214990138067062,0.7692939244663383,0.5100707675557975,0.6134206219312602
