dataset,solver,model,Precision,Recall,F1,Object Precision,Object Recall,Object F1
cooking,nl2p_1_coref,gpt-5.4,0.8977016674177557,0.8140580302411116,0.853836262323189,0.6472868217054264,0.716994633273703,0.6803598709896452
wikihow,nl2p_1_coref,gpt-5.4,0.7343432059687994,0.769850675515525,0.7516778523489932,0.6744186046511628,0.5837404729333594,0.6258118583699979
win2k,nl2p_1,gpt-5.4,0.9634664401019541,0.8783888458559257,0.9189627228525122,0.8181818181818182,0.5285400658616904,0.642214071357119
