dataset,solver,model,Precision,Recall,F1,Object Precision,Object Recall,Object F1,adjusted_precision,adjusted_recall,adjusted_f1,perfect_action_argument_matches,argument_mismatch_actions,matched_action_events
cooking,nl2p_1_coref,gpt-5.4,0.9070615034168565,0.808363784003248,0.8548733361957922,0.6605297157622739,0.7295754548697824,0.693337853873538,0.7526683842473316,0.8676283411115825,0.8060701616081987,897,1094,1991
wikihow,nl2p_1_coref,gpt-5.4,0.7623614663256607,0.8283927744326077,0.7940066592674806,0.6904907350845042,0.5921075606774926,0.6375258507238203,0.7350964665076957,0.8089217557251909,0.770244179443498,1372,2205,3577
win2k,nl2p_1,gpt-5.4,0.9655172413793104,0.8835462058602555,0.9227147901137701,0.8325163398692811,0.5523035230352303,0.6640599543825351,0.8672340425531915,0.8664965986394558,0.866865163760102,481,695,1176
win2k,nl2p_1_coref,gpt-5.4,0.9691056910569106,0.8942235558889723,0.9301599687865783,0.829683698296837,0.5520777118186724,0.6629941672067401,0.8654822335025381,0.8546365914786967,0.8600252206809584,492,700,1192
