dataset,solver,model,Precision,Recall,F1,Object Precision,Object Recall,Object F1,adjusted_precision,adjusted_recall,adjusted_f1,perfect_action_argument_matches,argument_mismatch_actions,matched_action_events
cooking,nl2p_1_coref,gpt-5.4-mini,0.7028347996089932,0.5895858958589586,0.6412486064659978,0.6110100090991811,0.6615763546798029,0.6352885525070956,0.694774961200207,0.8219094247246022,0.753013737033922,554,884,1438
wikihow,nl2p_1_coref,gpt-5.4-mini,0.5753534275806882,0.5202604920405209,0.5464217859404686,0.5934482758620689,0.5,0.5427309996846421,0.6338858195211786,0.7152950955943475,0.6721343487600079,670,1487,2157
win2k,nl2p_1_coref,gpt-5.4-mini,0.9763779527559056,0.8671328671328671,0.9185185185185185,0.7743086529884032,0.48356545961002784,0.5953360768175582,0.7841011743450768,0.7890909090909091,0.786588128681468,417,699,1116
