dataset,solver,model,Precision,Recall,F1,Object Precision,Object Recall,Object F1,adjusted_precision,adjusted_recall,adjusted_f1,perfect_action_argument_matches,argument_mismatch_actions,matched_action_events
cooking,nl2p_1_coref,gpt-5.4-mini,0.9110070257611241,0.7919381107491856,0.8473099542583314,0.6342501637197119,0.7121323529411765,0.6709386906823692,0.7262842144731908,0.8608888888888889,0.787878787878788,802,1143,1945
wikihow,nl2p_1_coref,gpt-5.4-mini,0.7697940503432494,0.788191190253046,0.7788840009261404,0.6589582883077588,0.5672558139534883,0.6096780643871226,0.7062775075283761,0.7846114256304684,0.7433865658905279,1160,2204,3364
win2k,nl2p_1_coref,gpt-5.4-mini,0.9822784810126582,0.8699551569506726,0.9227110582639715,0.8602878916172735,0.574335782928208,0.6888135593220338,0.8766177739430544,0.9047195013357079,0.890446976336547,525,639,1164
