dataset,solver,model,Precision,Recall,F1,Object Precision,Object Recall,Object F1
cooking,nl2p_1_coref,gpt-5.4-mini,0.9219583131362094,0.7753770892784345,0.8423383525243578,0.6257689678742311,0.6826994780014914,0.6529957203994294
wikihow,nl2p_1_coref,gpt-5.4-mini,0.7867043121149897,0.7266477003319108,0.7554843480404239,0.6306284613532386,0.5398886827458256,0.5817414482452243
win2k,nl2p_1_coref,gpt-5.4-mini,0.9794871794871794,0.8590704647676162,0.9153354632587859,0.7584708948740226,0.4977194982896237,0.6010327022375216
