dataset,solver,model,Precision,Recall,F1,Object Precision,Object Recall,Object F1,adjusted_precision,adjusted_recall,adjusted_f1
cooking,nl2p_1_coref,gpt-5.4-mini,0.9213098729227761,0.7728577285772857,0.8405797101449275,0.6418476387452603,0.6997369409996242,0.6695433297375045,0.7342271293375394,0.8600461893764434,0.7921718783237609
wikihow,nl2p_1_coref,gpt-5.4-mini,0.7783408909042411,0.7046607099734363,0.7396704689480353,0.6693940168754794,0.5692541856925418,0.6152761457109283,0.7224061810154525,0.8258675078864354,0.7706800117750957
win2k,nl2p_1_coref,gpt-5.4-mini,0.9781277340332458,0.8653250773993808,0.9182751540041068,0.803921568627451,0.5047565752658086,0.6201443795118599,0.8104222821203954,0.822992700729927,0.8166591217745587
