dataset,solver,model,Precision,Recall,F1,Object Precision,Object Recall,Object F1
wikihow,nl2p,2,0.5160055671537926,0.9993261455525606,0.6805874254245067,0.6817005545286506,0.5179775280898876,0.5886671987230646
cooking,nl2p,2,0.7254299754299754,0.9478330658105939,0.8218510786360473,0.7061303924748622,0.6452282157676349,0.6743069536936659
win2k,nl2p,2,0.9354838709677419,0.9096340552651232,0.922377887163953,0.9035947712418301,0.5736514522821576,0.7017766497461928
