dataset,solver,model,Precision,Recall,F1,Object Precision,Object Recall,Object F1
cooking,nl2p_1_ablation,gpt-5.4-mini,0.8809726962457338,0.8401139137510171,0.8600583090379008,0.6987625676720804,0.6320391745365512,0.6637281910009183
wikihow,nl2p_1_ablation,gpt-5.4-mini,0.7101063829787234,0.8153629316420014,0.7591033351558228,0.7274554132127606,0.5267369952710076,0.6110349192952842
win2k,nl2p_1_ablation,gpt-5.4-mini,0.9717707442258341,0.8718342287029931,0.919093851132686,0.8391304347826087,0.5391061452513967,0.6564625850340136
