dataset,solver,model,Precision,Recall,F1,Object Precision,Object Recall,Object F1
cooking,nl2p_1_ablation,gpt-5.4-mini,0.8824524312896406,0.8439142741609381,0.8627532038032244,0.6859219586840092,0.6221374045801527,0.6524745269286752
wikihow,nl2p_1_ablation,gpt-5.4-mini,0.7206173328056985,0.8434460398332562,0.7772087067861715,0.7037389854727316,0.5104508550699602,0.591710052062475
win2k,nl2p_1_ablation,gpt-5.4-mini,0.9765886287625418,0.8722927557879014,0.9214990138067061,0.7928994082840237,0.5249020705092333,0.6316498316498316
