dataset,solver,model,Precision,Recall,F1,Object Precision,Object Recall,Object F1,adjusted_precision,adjusted_recall,adjusted_f1,perfect_action_argument_matches,argument_mismatch_actions,matched_action_events
cooking,nl2p_1_ablation,gpt-5.4-mini,0.6648397976391232,0.6428862617203425,0.653678756476684,0.6068451075032909,0.6260751471253961,0.6163101604278075,0.6984848484848485,0.7709030100334449,0.7329093799682035,624,953,1577
wikihow,nl2p_1_ablation,gpt-5.4-mini,0.5758844463052125,0.6495867768595042,0.6105193075898802,0.5940728656878739,0.4964780731651897,0.5409085282832033,0.643214601118634,0.7152209492635024,0.6773093614383138,805,1946,2751
win2k,nl2p_1_ablation,gpt-5.4-mini,0.9679376083188909,0.8598922247882987,0.9107215654300856,0.7569204152249135,0.4932356257046223,0.5972696245733788,0.7911392405063291,0.79981718464351,0.7954545454545454,426,691,1117
