dataset,solver,model,Precision,Recall,F1,Object Precision,Object Recall,Object F1,adjusted_precision,adjusted_recall,adjusted_f1,perfect_action_argument_matches,argument_mismatch_actions,matched_action_events
cooking,nl2p_1_ablation,gpt-5.4-mini,0.8633153302866639,0.8416362899959497,0.85233798195242,0.6276455026455027,0.6590277777777778,0.6429539295392953,0.7316885119506553,0.8038966539601864,0.7660948536831483,851,1227,2078
wikihow,nl2p_1_ablation,gpt-5.4-mini,0.7229238423268274,0.8683061365203402,0.7889735825415056,0.6445581578429443,0.543388086942094,0.5896651062297444,0.6982942430703625,0.7497710622710623,0.7231176860234048,1248,2530,3778
win2k,nl2p_1_ablation,gpt-5.4-mini,0.9731993299832495,0.8684603886397608,0.9178515007898894,0.8507089241034195,0.5788876276958003,0.6889564336372846,0.8900523560209425,0.9074733096085409,0.8986784140969163,504,658,1162
