dataset,solver,model,Precision,Recall,F1,Object Precision,Object Recall,Object F1,adjusted_precision,adjusted_recall,adjusted_f1,perfect_action_argument_matches,argument_mismatch_actions,matched_action_events
cooking,nl2p_1_ablation,gpt-5.4-mini,0.8809726962457338,0.8401139137510171,0.8600583090379008,0.6987625676720804,0.6320391745365512,0.6637281910009183,0.7602019352124527,0.8066964285714285,0.7827593675546892,1018,1047,2065
wikihow,nl2p_1_ablation,gpt-5.4-mini,0.7101063829787234,0.8153629316420014,0.7591033351558228,0.7274554132127606,0.5267369952710076,0.6110349192952842,0.7551499348109517,0.7831260140616549,0.7688835789194212,1413,2058,3471
win2k,nl2p_1_ablation,gpt-5.4-mini,0.9717707442258341,0.8718342287029931,0.919093851132686,0.8391304347826087,0.5391061452513967,0.6564625850340136,0.8539823008849557,0.8780709736123748,0.8658591296545536,497,639,1136
