dataset,solver,model,Precision,Recall,F1,Object Precision,Object Recall,Object F1
win2k,gpt3,to,0.9382352941176471,0.9579579579579579,0.9479940564635958,0.5884526558891455,0.6319444444444444,0.6094235828749103
wikihow,gpt3,to,0.7126600284495022,0.7157142857142857,0.714183891660727,0.460431654676259,0.495114006514658,0.47714341769668434
cooking,gpt3,to,0.8441835645677694,0.6478296478296478,0.7330861909175161,0.542192429022082,0.602014010507881,0.5705394190871369
