dataset,solver,model,Precision,Recall,F1,Object Precision,Object Recall,Object F1,adjusted_precision,adjusted_recall,adjusted_f1,perfect_action_argument_matches,argument_mismatch_actions,matched_action_events
cooking,nl2p_1_ablation,gpt-5.4,0.8428132205995388,0.889294403892944,0.8654301499605367,0.766642547033285,0.7023533311236327,0.733091160698841,0.8197292069632495,0.8516881028938906,0.8354031145278927,1274,919,2193
wikihow,nl2p_1_ablation,gpt-5.4,0.6598470023127557,0.8611562572556304,0.7471796937953263,0.7762124711316397,0.5746281415626603,0.66037921210335,0.8052228078581696,0.8268142681426814,0.8158757130719748,1638,2071,3709
win2k,nl2p_1_ablation,gpt-5.4,0.9403341288782816,0.9078341013824884,0.9237983587338804,0.8513853904282116,0.5359408033826638,0.6578008433344146,0.8585944115156647,0.8957597173144877,0.8767833981841764,508,674,1182
