dataset,solver,model,Precision,Recall,F1,Object Precision,Object Recall,Object F1
cooking,nl2p_1_ablation,gpt-5.4,0.8445714285714285,0.8932312651087833,0.8682200900724496,0.7573266619013581,0.6972688384336952,0.7260579064587973
wikihow,nl2p_1_ablation,gpt-5.4,0.6697754749568221,0.8910845588235294,0.7647406823111812,0.7616228070175438,0.5670204081632653,0.6500701918577444
win2k,nl2p_1_ablation,gpt-5.4,0.9431464174454829,0.906437125748503,0.9244274809160306,0.8131147540983606,0.5204616998950682,0.6346769033909149
