dataset,solver,model,Precision,Recall,F1,Object Precision,Object Recall,Object F1,adjusted_precision,adjusted_recall,adjusted_f1,perfect_action_argument_matches,argument_mismatch_actions,matched_action_events
cooking,nl2p_1_ablation,gpt-5.4,0.8431073876618431,0.8923821039903265,0.8670452320344625,0.7038152610441767,0.6917763157894737,0.6977438619774387,0.8116557313778464,0.8388512165935381,0.8250294233032562,1090,1124,2214
wikihow,nl2p_1_ablation,gpt-5.4,0.7293758967001435,0.9249488287468729,0.8156021257394966,0.685698240359416,0.5665017012063099,0.6204268292682926,0.7404487568223166,0.775566377302562,0.7576008273009307,1542,2525,4067
win2k,nl2p_1_ablation,gpt-5.4,0.9543031226199543,0.9336810730253353,0.943879472693032,0.8600917431192661,0.5772190867111339,0.6908197727970524,0.8949880668257757,0.9213759213759214,0.9079903147699758,542,711,1253
