dataset,solver,model,Precision,Recall,F1,Object Precision,Object Recall,Object F1
cooking,nl2p_1_ablation,gpt-5.4,0.8428132205995388,0.889294403892944,0.8654301499605367,0.766642547033285,0.7023533311236327,0.733091160698841
wikihow,nl2p_1_ablation,gpt-5.4,0.6598470023127557,0.8611562572556304,0.7471796937953263,0.7762124711316397,0.5746281415626603,0.66037921210335
win2k,nl2p_1_ablation,gpt-5.4,0.9403341288782816,0.9078341013824884,0.9237983587338804,0.8513853904282116,0.5359408033826638,0.6578008433344146
