dataset,solver,model,Precision,Recall,F1,Object Precision,Object Recall,Object F1,adjusted_precision,adjusted_recall,adjusted_f1,perfect_action_argument_matches,argument_mismatch_actions,matched_action_events
cooking,nl2p_1_ablation,gpt-5.4,0.6648731744811683,0.7009724473257699,0.6824457593688363,0.7321509777171441,0.6697171381031614,0.6995437757983923,0.7876712328767124,0.8205912334352702,0.8037943085371942,948,782,1730
wikihow,nl2p_1_ablation,gpt-5.4,0.5378046610923323,0.7082942830365511,0.6113863889169784,0.706064008983717,0.5214596724030687,0.5998807394156231,0.7311046511627907,0.7545754575457546,0.7426546582016832,1168,1855,3023
win2k,nl2p_1_ablation,gpt-5.4,0.9363564041368337,0.9060816012317167,0.9209702660406885,0.8141891891891891,0.5119490175252257,0.6286273231170525,0.830318690783807,0.8382608695652174,0.8342708784076158,487,690,1177
