dataset,solver,model,Precision,Recall,F1,Object Precision,Object Recall,Object F1,adjusted_precision,adjusted_recall,adjusted_f1,perfect_action_argument_matches,argument_mismatch_actions,matched_action_events
cooking,nl2p_1_ablation,gemma3-27b,0.7041609510745314,0.6285714285714286,0.6642225576881604,0.7918367346938775,0.6206581352833638,0.6958749679733538,0.8097793679189028,0.7642093415869443,0.7863346844238563,845,695,1540
wikihow,nl2p_1_ablation,gemma3-27b,0.5979814970563498,0.5155910079767948,0.5537383177570093,0.732363315696649,0.4848219497956801,0.5834211450649807,0.7455116696588869,0.6815757078375051,0.7121114683815649,897,1236,2133
win2k,nl2p_1_ablation,gemma3-27b,0.9385521885521886,0.8408748114630468,0.8870326173428797,0.7226596675415573,0.4830409356725146,0.5790396074307746,0.7461607949412827,0.7421383647798742,0.7441441441441442,427,688,1115
