dataset,solver,model,Precision,Recall,F1,Object Precision,Object Recall,Object F1
cooking,nl2p_1_ablation,gemma3-27b,0.8866026520347507,0.7911056711546308,0.8361362656317378,0.8241252302025782,0.6542397660818714,0.7294213528932355
wikihow,nl2p_1_ablation,gemma3-27b,0.8059994393047378,0.6988332523091881,0.7486004426506965,0.8311859927320779,0.5516334137250603,0.6631523458091724
win2k,nl2p_1_ablation,gemma3-27b,0.9385521885521886,0.8396084337349398,0.8863275039745628,0.8261633011413521,0.5499707773232028,0.6603508771929825
