dataset,solver,model,Precision,Recall,F1,Object Precision,Object Recall,Object F1,adjusted_precision,adjusted_recall,adjusted_f1,perfect_action_argument_matches,argument_mismatch_actions,matched_action_events
cooking,nl2p_1_ablation,gemma3-27b,0.7128987517337032,0.6306748466257669,0.6692708333333334,0.6819603753910324,0.6033210332103321,0.6402349486049926,0.7694117647058824,0.7381489841986456,0.7534562211981567,672,870,1542
wikihow,nl2p_1_ablation,gemma3-27b,0.6184573002754821,0.5445064273587193,0.5791306590997034,0.6666666666666666,0.4745389485273878,0.5544299726644155,0.7074271645465736,0.6695145631067961,0.6879489225857941,791,1454,2245
win2k,nl2p_1_ablation,gemma3-27b,0.9666666666666667,0.8471910112359551,0.902994011976048,0.7367044463818657,0.49415204678362573,0.5915295764788239,0.7640144665461122,0.7853159851301115,0.7745187901008249,437,694,1131
