dataset,solver,model,Precision,Recall,F1,Object Precision,Object Recall,Object F1
cooking,nl2p_1_ablation,gemma3-27b,0.8875793291024479,0.7943204868154158,0.8383643759366304,0.8051771117166212,0.6437908496732027,0.715496368038741
wikihow,nl2p_1_ablation,gemma3-27b,0.8140161725067385,0.719561591613057,0.7638801062349817,0.7796451914098973,0.5194939858979677,0.6235220908525202
win2k,nl2p_1_ablation,gemma3-27b,0.9423868312757202,0.8570359281437125,0.897687181497452,0.8040885860306644,0.5388127853881278,0.6452494873547505
