dataset,solver,model,Precision,Recall,F1,Object Precision,Object Recall,Object F1,adjusted_precision,adjusted_recall,adjusted_f1,perfect_action_argument_matches,argument_mismatch_actions,matched_action_events
cooking,nl2p_1_ablation,gemma3-27b,0.8866026520347507,0.7911056711546308,0.8361362656317378,0.8241252302025782,0.6542397660818714,0.7294213528932355,0.8447380840018877,0.7962633451957295,0.8197847492557819,1132,807,1939
wikihow,nl2p_1_ablation,gemma3-27b,0.8059994393047378,0.6988332523091881,0.7486004426506965,0.8311859927320779,0.5516334137250603,0.6631523458091724,0.8420348058902276,0.7808814400993171,0.810305958132045,1362,1513,2875
win2k,nl2p_1_ablation,gemma3-27b,0.9385521885521886,0.8396084337349398,0.8863275039745628,0.8261633011413521,0.5499707773232028,0.6603508771929825,0.8424350940017905,0.8761638733705773,0.8589685075308079,506,609,1115
