dataset,solver,model,Precision,Recall,F1,Object Precision,Object Recall,Object F1,adjusted_precision,adjusted_recall,adjusted_f1,perfect_action_argument_matches,argument_mismatch_actions,matched_action_events
cooking,nl2p_1,gpt-5.4-mini,0.9224586288416076,0.7937347436940602,0.8532691887163788,0.6268951878707977,0.6961932650073206,0.659729448491155,0.7242955064737243,0.8472160356347439,0.7809484705399302,777,1174,1951
wikihow,nl2p_1,gpt-5.4-mini,0.7597917138329183,0.7844787283777466,0.7719378953421506,0.6379159369527145,0.5444693572496263,0.5875,0.6856470588235294,0.746605175506021,0.7148288973384029,1142,2214,3356
win2k,nl2p_1,gpt-5.4-mini,0.9805084745762712,0.8653702318623785,0.9193484306714343,0.8467465753424658,0.5632118451025057,0.6764705882352942,0.8652668416447944,0.8759964570416298,0.8705985915492959,504,653,1157
