dataset,solver,model,Precision,Recall,F1,Object Precision,Object Recall,Object F1
cooking,nl2p_1,gpt-5.4-mini,0.934593023255814,0.7841463414634147,0.8527851458885942,0.6245263520496038,0.6714814814814815,0.6471533107263965
wikihow,nl2p_1,gpt-5.4-mini,0.8037676609105181,0.7257264351523742,0.762756052141527,0.6260673028628829,0.5099202290857026,0.5620561379776801
win2k,nl2p_1,gpt-5.4-mini,0.9851657940663177,0.8456928838951311,0.9101168883514712,0.751131221719457,0.4845300642148278,0.589070262597587
