dataset,solver,model,Precision,Recall,F1,Object Precision,Object Recall,Object F1,adjusted_precision,adjusted_recall,adjusted_f1,perfect_action_argument_matches,argument_mismatch_actions,matched_action_events
cooking,nl2p_1,gpt-5.4-mini,0.7438785504407444,0.6215220949263502,0.6772180115916184,0.6064063185607723,0.6509656146961846,0.6278964107223989,0.6865375062096374,0.8053613053613053,0.7412174845803164,619,900,1519
wikihow,nl2p_1,gpt-5.4-mini,0.5704187058183795,0.5050553683196919,0.5357507660878447,0.5772777572851346,0.4650817236255572,0.5151415404871627,0.6168703192747339,0.6685177274668945,0.6416564165641656,625,1473,2098
win2k,nl2p_1,gpt-5.4-mini,0.9749776586237712,0.8490272373540856,0.9076539101497504,0.7703842549203374,0.4697142857142857,0.5835995740149095,0.7813688212927756,0.7604070305272895,0.7707454289732771,380,711,1091
