dataset,solver,model,Precision,Recall,F1,Object Precision,Object Recall,Object F1
cooking,nl2p_1,gpt-5.4-mini,0.9338883447600391,0.7805976258698322,0.8503901895206243,0.6387051862164984,0.6847014925373134,0.6609040158472897
wikihow,nl2p_1,gpt-5.4-mini,0.7952691680261011,0.7048192771084337,0.7473173224322943,0.6632138114209828,0.5418836805555556,0.5964409411202676
win2k,nl2p_1,gpt-5.4-mini,0.9785522788203753,0.8508158508158508,0.9102244389027431,0.8089887640449438,0.4937142857142857,0.6132008516678495
