dataset,solver,model,Precision,Recall,F1,Object Precision,Object Recall,Object F1
wikihow,naruto,naruto,0.2904851921865154,0.6332417582417582,0.39827213822894164,0.47537431048069345,0.6697196780460727,0.5560548450282291
cooking,naruto,naruto,0.36509863429438544,0.48724179829890646,0.4174184594031922,0.43122807017543857,0.706728004600345,0.5356286772717367
win2k,naruto,naruto,0.498805256869773,0.6344984802431611,0.5585284280936454,0.5672043010752689,0.6687797147385103,0.6138181818181818
