dataset,solver,model,Precision,Recall,F1,Object Precision,Object Recall,Object F1
wikihow,naruto,naruto,0.411116359628405,0.7097037238379995,0.5206380857427717,0.2497895977108231,0.3597575757575758,0.29485396383866486
cooking,naruto,naruto,0.5035094200221648,0.5547415547415547,0.5278853601859024,0.2619047619047619,0.4192577733199599,0.3224064789818743
win2k,naruto,naruto,0.6011984021304927,0.6809954751131222,0.6386138613861386,0.2086544161232958,0.26808834729626807,0.23466666666666666
