dataset,solver,model,Precision,Recall,F1,Object Precision,Object Recall,Object F1
wikihow,naruto,naruto,0.4033064206074587,0.8323194921978313,0.543335635359116,0.25203368060510917,0.35540350171060575,0.2949231796927187
cooking,naruto,naruto,0.5130841121495328,0.6654545454545454,0.5794195250659631,0.2595578673602081,0.4239592183517417,0.32198741732537506
win2k,naruto,naruto,0.7116564417177914,0.6977443609022557,0.7046317388003037,0.28824273072060685,0.3247863247863248,0.3054253181513731
