dataset,solver,model,Precision,Recall,F1,Object Precision,Object Recall,Object F1
wikihow,naruto,naruto,0.4033064206074587,0.8323194921978313,0.543335635359116,0.2514628228913943,0.35459851076675386,0.2942551770207081
cooking,naruto,naruto,0.5130841121495328,0.6654545454545454,0.5794195250659631,0.25721716514954485,0.4201359388275276,0.31908372318115824
win2k,naruto,naruto,0.7116564417177914,0.6977443609022557,0.7046317388003037,0.2831858407079646,0.3190883190883191,0.3000669792364367
