dataset,solver,model,Precision,Recall,F1,Object Precision,Object Recall,Object F1
cooking,nl2p,2,0.8018315018315019,0.8844444444444445,0.8411143131604227,0.778998778998779,0.6041666666666666,0.6805333333333333
win2k,nl2p,2,0.9263899765074393,0.8841554559043349,0.9047801147227532,0.8799313893653516,0.5489566613162119,0.6761120263591434
wikihow,nl2p,2,0.6556541748849442,0.9113548092300663,0.7626421948188511,0.7495686467833375,0.4756765211950571,0.5820095693779905
