dataset,solver,model,Precision,Recall,F1,Object Precision,Object Recall,Object F1
cooking,nl2p_1,gpt-4o,0.6618566618566618,0.5674226804123711,0.6110124333925399,0.8413231064237776,0.8017359524897213,0.8210526315789473
wikihow,nl2p_1,gpt-4o,0.6736074960957834,0.6318359375,0.6520534139581758,0.8774865803599621,0.6515826494724501,0.7478471474703983
win2k,nl2p_1,gpt-4o,0.8835845896147404,0.8053435114503816,0.8426517571884984,0.9869646182495344,0.619520748100526,0.7612208258527827
