dataset,solver,model,Precision,Recall,F1,Object Precision,Object Recall,Object F1
wikihow,nl2p,1,0.8068714211348256,0.7398568019093079,0.7719123505976095,0.6831146605818597,0.4816006434747637,0.5649251090930534
win2k,nl2p,1,0.9790619765494137,0.8796087283671934,0.9266745937376138,0.8976377952755905,0.5606557377049181,0.6902119071644803
cooking,nl2p,1,0.8912938912938912,0.7594262295081967,0.8200929409161317,0.7044976881042455,0.6143695014662757,0.6563540238887802
