dataset,solver,model,Precision,Recall,F1,Object Precision,Object Recall,Object F1
cooking,nl2p_1,gpt-4o,0.6642616642616642,0.5692497938994229,0.6130965593784683,0.791287697462901,0.7582568807339449,0.7744202389318341
wikihow,nl2p_1,gpt-4o,0.6686621551275378,0.6268911664226452,0.647103274559194,0.8638392857142857,0.6508889956751561,0.7423951767607564
win2k,nl2p_1,gpt-4o,0.8869346733668342,0.8083969465648855,0.8458466453674122,0.9860853432282004,0.6220011702750147,0.762827412988877
