dataset,solver,model,Precision,Recall,F1,Object Precision,Object Recall,Object F1
wikihow,nl2p,3,0.5176837725381415,1.0056129321957792,0.6835037387456128,0.6446247464503042,0.4434212362215711,0.5254195255021905
cooking,nl2p,3,0.7233912778286062,0.9514640994785399,0.8218988218988219,0.7015630679752817,0.566813509544787,0.6270305393112411
win2k,nl2p,3,0.9304610733182161,0.9186567164179105,0.9245212166729252,0.8512869399428027,0.4539908490086426,0.5921750663129973
