dataset,solver,model,Precision,Recall,F1,Object Precision,Object Recall,Object F1,adjusted_precision,adjusted_recall,adjusted_f1,perfect_action_argument_matches,argument_mismatch_actions,matched_action_events
cooking,gpt3_to_plan,gemma3-12b,0.6682634730538922,0.6827079934747146,0.6754085132136374,0.7262340036563071,0.6724502750740584,0.6983080641617226,0.7713592233009708,0.7925187032418952,0.7817958179581795,936,738,1674
wikihow,gpt3_to_plan,gemma3-12b,0.15812300035549234,0.5407245319717967,0.24469138519089007,0.7098591549295775,0.5569060773480663,0.6241486068111456,0.7439114391143912,0.7360350492880613,0.7399522848229033,1022,1202,2224
win2k,gpt3_to_plan,gemma3-12b,0.946051602814699,0.9173616376042456,0.9314857582755965,0.7379912663755459,0.7347826086956522,0.7363834422657952,0.7565752658086178,0.7444933920704846,0.7504857063558146,820,390,1210
