dataset,solver,model,Precision,Recall,F1,Object Precision,Object Recall,Object F1,adjusted_precision,adjusted_recall,adjusted_f1,perfect_action_argument_matches,argument_mismatch_actions,matched_action_events
cooking,gpt3_to_plan,gemma3-12b,0.8055888223552894,0.8236734693877551,0.8145307769929364,0.7628398791540786,0.7175843694493783,0.7395204100311185,0.8112449799196787,0.8329896907216495,0.8219735503560529,1197,821,2018
wikihow,gpt3_to_plan,gemma3-12b,0.20199075719872023,0.6927578639356254,0.312782120444787,0.8029115341545353,0.6310231023102311,0.706665024023654,0.8390871854885898,0.8351776354105999,0.8371278458844134,1465,1376,2841
win2k,gpt3_to_plan,gemma3-12b,0.9499609069585614,0.9211523881728583,0.9353348729792148,0.8246289169873557,0.8130081300813008,0.8187772925764193,0.8441193021947102,0.8169934640522876,0.8303349017437033,913,302,1215
