dataset,solver,model,Precision,Recall,F1,Object Precision,Object Recall,Object F1,adjusted_precision,adjusted_recall,adjusted_f1,perfect_action_argument_matches,argument_mismatch_actions,matched_action_events
cooking,gpt3_to_plan,gemma3-12b,0.7936069455406471,0.8191446028513238,0.8061735818801363,0.7025292563231408,0.6618065433854907,0.6815601538179821,0.7522231204527081,0.770600414078675,0.7613008795254653,1110,901,2011
wikihow,gpt3_to_plan,gemma3-12b,0.7376773262803559,0.7308242020009529,0.7342347732439871,0.6713268937468225,0.5318163511880789,0.5934831460674156,0.7067166176077068,0.6990471148755956,0.7028609447771125,1317,1751,3068
win2k,gpt3_to_plan,gemma3-12b,0.9261233815689262,0.9135987978963186,0.9198184568835098,0.6961325966850829,0.8367459878251245,0.7599899472229202,0.7098591549295775,0.8542372881355932,0.7753846153846153,860,356,1216
