dataset,solver,model,Precision,Recall,F1,Object Precision,Object Recall,Object F1
cooking,nl2p,2,0.8093607305936074,0.8642828118650955,0.8359206130870506,0.7631792376317924,0.6108406361570918,0.6785649900847305
win2k,nl2p,2,0.9769820971867008,0.8571428571428571,0.9131474103585657,0.8989805375347544,0.5362078496406855,0.6717451523545707
wikihow,nl2p,2,0.6718480138169257,0.8987985212569316,0.7689266653488832,0.7033919286952216,0.4569728164709667,0.5540171606864275
