dataset,solver,model,Precision,Recall,F1,Object Precision,Object Recall,Object F1
win2k,nl2p,3,0.8265027322404371,0.9043348281016442,0.8636688079942897,0.59375,0.38354037267080743,0.46603773584905656
cooking,nl2p,3,0.7213752838144665,0.8993125758188435,0.8005759539236861,0.6085160470289164,0.5993740219092332,0.6039104383475243
wikihow,nl2p,3,0.5959008871214438,0.8985239852398524,0.7165716387713813,0.5089463220675944,0.4523694779116466,0.4789930260248342
