dataset,solver,model,Precision,Recall,F1,Object Precision,Object Recall,Object F1
win2k,gpt3,to,0.8609738884968243,0.9118086696562033,0.8856624319419237,0.45408678102926336,0.48128342245989303,0.4672897196261682
cooking,gpt3,to,0.8958333333333334,0.10826689047419219,0.19318607263197304,0.45,0.22842639593908629,0.30303030303030304
wikihow,gpt3,to,0.6591695501730104,0.0997904662126768,0.1733393994540491,0.0,0.0,0
