dataset,solver,model,Precision,Recall,F1,Object Precision,Object Recall,Object F1,adjusted_precision,adjusted_recall,adjusted_f1,perfect_action_argument_matches,argument_mismatch_actions,matched_action_events
cooking,nl2p_1,llama3-70b,0.7731326644370122,0.5740894039735099,0.6589073634204275,0.6272554605887939,0.6739795918367347,0.6497786522380719,0.7191072400653239,0.8271759549154665,0.7693651718112986,554,833,1387
wikihow,nl2p_1,llama3-70b,0.7333333333333333,0.4489233850776164,0.5569187762074856,0.5244701348747591,0.4693103448275862,0.4953594176524113,0.5591618734593262,0.6818637274549099,0.6144469525959368,429,1364,1793
win2k,nl2p_1,llama3-70b,0.9643167972149695,0.8330827067669173,0.8939088342073418,0.7132551848512173,0.46915776986951363,0.5660107334525939,0.7217153284671532,0.7399438727782974,0.7307159353348731,394,714,1108
