dataset,solver,model,Precision,Recall,F1,Object Precision,Object Recall,Object F1,adjusted_precision,adjusted_recall,adjusted_f1,perfect_action_argument_matches,argument_mismatch_actions,matched_action_events
cooking,nl2p_1,llama3-70b,0.7707289927657206,0.5746887966804979,0.6584264321369147,0.6323460272684532,0.6872764435360246,0.6586679725759059,0.7254584681769147,0.8385286783042394,0.7779063042220936,556,829,1385
wikihow,nl2p_1,llama3-70b,0.7198275862068966,0.4589058206345241,0.5604881769641494,0.5198204936424832,0.47054840893703453,0.4939587775408671,0.555111821086262,0.6922310756972112,0.6161347517730497,432,1405,1837
win2k,nl2p_1,llama3-70b,0.9667541557305337,0.8320783132530121,0.8943747470659652,0.7228699551569506,0.4774881516587678,0.5750981091687477,0.7294117647058823,0.7603773584905661,0.7445727482678984,405,700,1105
