dataset,solver,model,Precision,Recall,F1,Object Precision,Object Recall,Object F1,adjusted_precision,adjusted_recall,adjusted_f1,perfect_action_argument_matches,argument_mismatch_actions,matched_action_events
cooking,nl2p_1,llama3-70b,0.9531938325991189,0.7149938042131351,0.8170875619542128,0.6466666666666666,0.713818479149632,0.6785853089778467,0.7417162276975361,0.861796643632774,0.7972602739726028,705,1026,1731
wikihow,nl2p_1,llama3-70b,0.9079376585719463,0.6118710307767464,0.7310666861228658,0.6321932681867535,0.5860593860090589,0.6082528075215461,0.6790087463556851,0.8081193615544761,0.7379594423320659,828,1677,2505
win2k,nl2p_1,llama3-70b,0.9686174724342663,0.856071964017991,0.9088738559490649,0.8671875,0.574468085106383,0.6911103424420616,0.8770851624231782,0.8911685994647636,0.884070796460177,547,595,1142
