dataset,solver,model,Precision,Recall,F1,Object Precision,Object Recall,Object F1
cooking,nl2p_1,llama3-70b,0.9585635359116023,0.7148743304491141,0.8189756903469436,0.6305732484076433,0.6877809562729873,0.6579358874120407
wikihow,nl2p_1,llama3-70b,0.9250098154691794,0.5800098473658296,0.7129671659857769,0.53434668225665,0.4859117490696438,0.5089795350132256
win2k,nl2p_1,llama3-70b,0.9651360544217688,0.850187265917603,0.9040223018717642,0.8033509700176367,0.5290360046457607,0.6379551820728291
