dataset,solver,model,Precision,Recall,F1,Object Precision,Object Recall,Object F1,adjusted_precision,adjusted_recall,adjusted_f1,perfect_action_argument_matches,argument_mismatch_actions,matched_action_events
cooking,nl2p_1,llama3-70b,0.9576365663322185,0.7110927152317881,0.8161520190023752,0.6525359576078729,0.7132809267687216,0.6815576200830205,0.7505441880713974,0.867639657775541,0.8048552754435108,708,1010,1718
wikihow,nl2p_1,llama3-70b,0.9198364008179959,0.5670700958144226,0.7016066136328185,0.5717384567709948,0.5182584269662921,0.5436864594076912,0.6115346370566788,0.7567678424938474,0.6764436296975251,608,1641,2249
win2k,nl2p_1,llama3-70b,0.959094865100087,0.8285714285714286,0.8890681726502622,0.8147138964577657,0.5364832535885168,0.6469527587450415,0.8154545454545454,0.8691860465116279,0.8414634146341463,473,629,1102
