dataset,solver,model,Precision,Recall,F1,Object Precision,Object Recall,Object F1
cooking,gpt3,to,0.8360483447188649,0.6499183006535948,0.7313261319236956,0.4751519485162674,0.5813648293963255,0.5229195357072595
wikihow,gpt3,to,0.6475445458496306,0.3776932826362484,0.47710534742235033,0.42758899676375406,0.438953488372093,0.4331967213114754
win2k,gpt3,to,0.9164866810655148,0.9564237415477085,0.936029411764706,0.512906309751434,0.5338308457711443,0.5231594344222331
