dataset,solver,model,Precision,Recall,F1,Object Precision,Object Recall,Object F1
cooking,nl2p,gpt-4o-mini,0.6995411886329198,0.6350137011850017,0.6582775084500752,0.5189082996775304,0.622208394644292,0.5327409842695838
wikihow,nl2p,gpt-4o-mini,0.5126379035570313,0.45452512223740577,0.4720056339360133,0.5710746297504289,0.5704935855620786,0.5311199990043217
win2k,nl2p,gpt-4o-mini,0.9695358933995298,0.8727059556605011,0.914615112376019,0.8578182331357607,0.6968388371436636,0.7298959719366155
