dataset,solver,model,Precision,Recall,F1,Object Precision,Object Recall,Object F1
cooking,verb-args,gpt-4o-mini,0.5718699793602738,0.7508029186942697,0.6362894670926652,0.5153253221598546,0.615778805527007,0.5282691989803223
wikihow,verb-args,gpt-4o-mini,0.35628781020153805,0.5909723179458893,0.43656324638809424,0.5900083056478406,0.584015319306017,0.5491378346029508
win2k,verb-args,gpt-4o-mini,0.9369303753109188,0.8750811237824225,0.9006556665015901,0.8563572433192687,0.6966666666666667,0.7288667872212176
