dataset,solver,model,Precision,Recall,F1,Object Precision,Object Recall,Object F1
wikihow,gpt3,to,0.06955660292395906,0.5699876998769988,0.12398330479452056,0.2857142857142857,0.2995017046944663,0.29244558258642767
win2k,gpt3,to,0.9037626628075254,0.9348802395209581,0.9190581309786607,0.5534124629080118,0.5753213367609255,0.564154272750189
cooking,gpt3,to,0.4687335785601682,0.7272727272727273,0.5700591148745806,0.5360938072554049,0.5620437956204379,0.5487621905476369
