dataset,solver,model,Precision,Recall,F1,Object Precision,Object Recall,Object F1,adjusted_precision,adjusted_recall,adjusted_f1,perfect_action_argument_matches,argument_mismatch_actions,matched_action_events
cooking,nl2p_1_coref,gemma3-12b,0.6823008849557523,0.6317083162638263,0.6560306317804723,0.6417781614156236,0.6796160877513712,0.6601553829078801,0.7289215686274509,0.8284122562674094,0.7754889178617992,680,862,1542
wikihow,nl2p_1_coref,gemma3-12b,0.5717141429285357,0.5496036512130675,0.5604409063074096,0.6677492692432608,0.5609822646657572,0.6097271648873072,0.7050754458161865,0.7735139202407826,0.7377108001435235,936,1352,2288
win2k,nl2p_1_coref,gemma3-12b,0.9651871192341166,0.8294689603590127,0.8921962992759453,0.6927083333333334,0.4784172661870504,0.5659574468085107,0.7,0.7457943925233644,0.7221719457013575,406,703,1109
