dataset,solver,model,Precision,Recall,F1,Object Precision,Object Recall,Object F1
cooking,nl2p_1_coref,gemma3-12b,0.8700614574187884,0.8070032573289903,0.837346852555978,0.6463739188290086,0.700685178507032,0.6724346772798061
wikihow,nl2p_1_coref,gemma3-12b,0.77321083172147,0.7551357733175915,0.7640664197825827,0.6936120789779326,0.5888384933938079,0.6369453924914675
win2k,nl2p_1_coref,gemma3-12b,0.9702127659574468,0.8526551982049364,0.9076433121019108,0.7675401521555367,0.5285215366705471,0.6259910375732506
