dataset,solver,model,Precision,Recall,F1,Object Precision,Object Recall,Object F1,adjusted_precision,adjusted_recall,adjusted_f1,perfect_action_argument_matches,argument_mismatch_actions,matched_action_events
cooking,nl2p_1_coref,gemma3-12b,0.8749435665914221,0.7919901920719248,0.8314028314028314,0.6594352617079889,0.7030102790014684,0.6805259417199715,0.745136186770428,0.838808585194919,0.789202555120544,877,1061,1938
wikihow,nl2p_1_coref,gemma3-12b,0.7697538100820633,0.7710192578675434,0.7703860143142086,0.6852534562211982,0.5668000762340385,0.6204234901429018,0.7169720347155255,0.774680906486064,0.7447101540002503,1339,1944,3283
win2k,nl2p_1_coref,gemma3-12b,0.9624373956594324,0.862378459237098,0.9096646942800789,0.8570212765957447,0.5800691244239631,0.6918584678804535,0.8628963153384748,0.8903625110521662,0.8764142732811141,551,602,1153
