dataset,solver,model,Precision,Recall,F1,Object Precision,Object Recall,Object F1,adjusted_precision,adjusted_recall,adjusted_f1,perfect_action_argument_matches,argument_mismatch_actions,matched_action_events
cooking,nl2p_1_coref,gemma3-12b,0.6558352402745995,0.5894693541752365,0.6208838821490467,0.6437265917602997,0.676340383669454,0.6596306068601584,0.7248286768581972,0.8243405275779376,0.7713884992987378,634,799,1433
wikihow,nl2p_1_coref,gemma3-12b,0.5662681251589926,0.534453781512605,0.549901185770751,0.657912687585266,0.5449152542372881,0.5961063040791099,0.6864768683274022,0.7543996871333594,0.7188373392956958,886,1340,2226
win2k,nl2p_1_coref,gemma3-12b,0.9612403100775194,0.8347045624532535,0.8935148118494796,0.702726473175022,0.4761620977353993,0.5676731793960924,0.7070796460176991,0.7467289719626168,0.7263636363636364,402,714,1116
