dataset,solver,model,Precision,Recall,F1,Object Precision,Object Recall,Object F1
win2k,nl2p,1,0.945859872611465,0.8885564697083022,0.9163131507905901,0.7846930193439865,0.500805152979066,0.611402359108781
wikihow,nl2p,1,0.7309113300492611,0.8918106686701728,0.8033840947546532,0.715214251324025,0.5147262647262647,0.5986298609711869
cooking,nl2p,1,0.8513119533527697,0.8411522633744856,0.8462016145725523,0.6980392156862745,0.6577091031239503,0.6772742995503286
