dataset,solver,model,Precision,Recall,F1,Object Precision,Object Recall,Object F1
cooking,nl2p,gpt-4o-mini,0.7210778177485732,0.6319935531158517,0.6675487908714147,0.5117948234702853,0.6130049315240608,0.5242556384541872
wikihow,nl2p,gpt-4o-mini,0.5192820569488104,0.4523080012269154,0.47407348389786713,0.5838720711475971,0.5780107014586235,0.5424785493282158
win2k,nl2p,gpt-4o-mini,0.9677495314718385,0.8466071806980897,0.8971552230371692,0.8477001455604076,0.6884425036390102,0.7202536909960491
