dataset,solver,model,Precision,Recall,F1,Object Precision,Object Recall,Object F1
wikihow,nl2p,1,0.6418918918918919,0.8874357776739841,0.7449519702019212,0.514943382216447,0.45393552610047455,0.4825186989041572
win2k,nl2p,1,0.9614438063986874,0.8772455089820359,0.9174168297455968,0.8644207066557108,0.5729847494553377,0.6891582050442189
cooking,nl2p,1,0.7901234567901234,0.8638036809815951,0.8253223915592028,0.5708708708708709,0.6230744018354638,0.5958313743927284
