dataset,solver,model,Precision,Recall,F1,Object Precision,Object Recall,Object F1
win2k,gpt3,to,0.9389705882352941,0.9587087087087087,0.948736998514116,0.5807940904893814,0.6236985622211205,0.6014821898159217
cooking,gpt3,to,0.8468516542155816,0.6496111338518216,0.7352328005559416,0.5374950922654103,0.5983391608391608,0.5662874870734229
wikihow,gpt3,to,0.7140825035561877,0.7169721494882171,0.7155244090747119,0.4598222726413311,0.49461053487899126,0.47658240250832845
