dataset,solver,model,Precision,Recall,F1,Object Precision,Object Recall,Object F1
cooking,gpt3,to,0.4684708355228586,0.7265688671556643,0.5696485623003195,0.5352833638025594,0.5628604382929643,0.5487256371814093
win2k,gpt3,to,0.9044862518089725,0.9356287425149701,0.9197939661515819,0.5472071181413742,0.5688591983556013,0.5578231292517007
wikihow,gpt3,to,0.06997688451262346,0.572868026542148,0.12471910112359554,0.28635346756152125,0.3004694835680751,0.293241695303551
