dataset,solver,model,Precision,Recall,F1,Object Precision,Object Recall,Object F1
wikihow,nl2p,3,0.6561374795417348,0.9157149383280037,0.7644927536231884,0.7060541688794477,0.412184157494962,0.5205050406185769
cooking,nl2p,3,0.7929659173313995,0.8843509906995553,0.8361689925444467,0.749669457910974,0.5367623856106027,0.6255976461934535
win2k,nl2p,3,0.9135135135135135,0.8841554559043349,0.8985947588302315,0.8254764292878636,0.4398717263495457,0.5739191073919108
