dataset,solver,model,Precision,Recall,F1,Object Precision,Object Recall,Object F1,adjusted_precision,adjusted_recall,adjusted_f1,perfect_action_argument_matches,argument_mismatch_actions,matched_action_events
cooking,gpt3_to_plan,gemma3-27b,0.8469344608879492,0.8175510204081633,0.8319833852544133,0.7913011695906432,0.7655586987270155,0.7782171099928108,0.8307751343054489,0.8677354709418837,0.8488531660458734,1265,738,2003
wikihow,gpt3_to_plan,gemma3-27b,0.19934799195394326,0.6984204131227217,0.3101661990071228,0.811200443581924,0.6402625820568928,0.7156658921364805,0.8483618440127573,0.8355225585379783,0.8418932527693858,1512,1362,2874
win2k,gpt3_to_plan,gemma3-27b,0.9213313161875946,0.9333333333333333,0.9272934906737725,0.8005479452054794,0.7775412453432677,0.7888768898488121,0.8258903335217637,0.785483870967742,0.8051804904932488,889,329,1218
