dataset,solver,model,Precision,Recall,F1,Object Precision,Object Recall,Object F1,adjusted_precision,adjusted_recall,adjusted_f1,perfect_action_argument_matches,argument_mismatch_actions,matched_action_events
cooking,gpt3_to_plan,gemma3-27b,0.6558139534883721,0.6317718940936864,0.6435684647302905,0.7668711656441718,0.7359601449275363,0.7510977582620754,0.8048538880633977,0.8419689119170984,0.8229931628260319,941,610,1551
wikihow,gpt3_to_plan,gemma3-27b,0.14885204966359158,0.5202424242424243,0.23147449034624096,0.7280380673499268,0.5756874095513749,0.6429610473573623,0.763531669865643,0.7457817772778402,0.7545523520485584,1019,1127,2146
win2k,gpt3_to_plan,gemma3-27b,0.9220877458396369,0.9340996168582375,0.928054815378759,0.6964285714285714,0.6820349761526232,0.689156626506024,0.7210084033613445,0.6964285714285714,0.7085053674649051,786,433,1219
