dataset,solver,model,Precision,Recall,F1,Object Precision,Object Recall,Object F1,adjusted_precision,adjusted_recall,adjusted_f1,perfect_action_argument_matches,argument_mismatch_actions,matched_action_events
cooking,gpt3_to_plan,gemma3-27b,0.6341052631578947,0.6151960784313726,0.6245075679037944,0.750365675280351,0.7174825174825175,0.7335557673975215,0.795760082730093,0.8287560581583199,0.8119229754682142,884,622,1506
wikihow,gpt3_to_plan,gemma3-27b,0.5226387536514119,0.5220034038414783,0.5223208855370393,0.7241379310344828,0.5749279538904899,0.6409638554216868,0.7574031890660592,0.7455156950672646,0.7514124293785311,1015,1132,2147
win2k,gpt3_to_plan,gemma3-27b,0.9249431387414708,0.932009167303285,0.928462709284627,0.7339857651245552,0.8771929824561403,0.7992249939452652,0.7554945054945055,0.8986928104575164,0.8208955223880597,933,287,1220
