dataset,solver,model,Precision,Recall,F1,Object Precision,Object Recall,Object F1
win2k,nl2p,1,0.9725022914757103,0.7959489872468117,0.8754125412541253,0.642965204236006,0.5092869982025164,0.5683717820127048
cooking,nl2p,1,0.8611955420466059,0.7036423841059603,0.774487471526196,0.466423579459131,0.6055226824457594,0.5269481634054239
wikihow,nl2p,1,0.7336435806186696,0.6703351675837919,0.7005620180368579,0.3716503418961375,0.46379151291512916,0.4126397866010055
