dataset,solver,model,Precision,Recall,F1,Object Precision,Object Recall,Object F1
wikihow,nl2p,1,0.6418918918918919,0.8874357776739841,0.7449519702019212,0.5148698884758365,0.45328096874488627,0.48211643895222356
win2k,nl2p,1,0.9614438063986874,0.8772455089820359,0.9174168297455968,0.8693508627773213,0.5762527233115469,0.6930887651490337
cooking,nl2p,1,0.7901234567901234,0.8638036809815951,0.8253223915592028,0.5682299546142209,0.615535889872173,0.590937696664569
