dataset,solver,model,Precision,Recall,F1,Object Precision,Object Recall,Object F1
wikihow,nl2p,1,0.7925126903553299,0.6599735799207398,0.7201960501657777,0.4798387096774194,0.3798183157377854,0.42400986706865834
win2k,nl2p,1,0.9233716475095786,0.7088235294117647,0.8019966722129784,0.49117647058823527,0.44063324538258575,0.4645340751043116
cooking,nl2p,1,0.8720806794055201,0.6947145877378436,0.7733584372793597,0.49334557136301055,0.4416598192276089,0.4660741383047908
