dataset,solver,model,Precision,Recall,F1,Object Precision,Object Recall,Object F1
win2k,nl2p,1,0.9262560777957861,0.8626415094339622,0.8933177022274326,0.7342105263157894,0.4678591391839016,0.5715261181290543
cooking,nl2p,1,0.8912936546974914,0.748451053283767,0.8136506511001349,0.7323279924599434,0.5839909808342728,0.6498013798871001
wikihow,nl2p,1,0.7829557157569516,0.728732326863168,0.7548715402755367,0.7275334608030593,0.4612121212121212,0.564540059347181
