dataset,solver,model,Precision,Recall,F1,Object Precision,Object Recall,Object F1
wikihow,gpt3,to,0.683532127741439,0.8315001170138077,0.7502903600464577,0.48326222513948147,0.5098684210526315,0.49620893007582134
win2k,gpt3,to,0.9168490153172867,0.9401645474943904,0.9283604135893649,0.5499505440158259,0.5644670050761421,0.5571142284569139
cooking,gpt3,to,0.7735008103727715,0.7814162914449447,0.7774384035837916,0.5867768595041323,0.6357449856733525,0.6102802131682998
