dataset,solver,model,Precision,Recall,F1,Object Precision,Object Recall,Object F1
cooking,nl2p_1,gemma3-12b,0.8783185840707964,0.8082247557003257,0.8418150975402884,0.63306177868296,0.6713462922966162,0.6516422082459818
wikihow,nl2p_1,gemma3-12b,0.7756895289236027,0.7521893491124261,0.7637587118481136,0.6538908246225319,0.5559944696820067,0.6009820666097352
win2k,nl2p_1,gemma3-12b,0.961082910321489,0.8496634255796559,0.9019452163556967,0.7709213863060017,0.5330216247808299,0.6302695231513475
