dataset,solver,model,Precision,Recall,F1,Object Precision,Object Recall,Object F1,adjusted_precision,adjusted_recall,adjusted_f1,perfect_action_argument_matches,argument_mismatch_actions,matched_action_events
cooking,nl2p_1,gemma3-12b,0.8774509803921569,0.8059762586983218,0.8401962876040112,0.6489907629148135,0.6903202328966521,0.6690178099100689,0.7344173441734417,0.8205017301038062,0.775076608784474,903,1066,1969
wikihow,nl2p_1,gemma3-12b,0.7679112008072654,0.7368675865407892,0.7520691785052501,0.6971177332681974,0.5922390537455904,0.6404128800628296,0.745559038662487,0.821294964028777,0.7815966041352869,1291,1753,3044
win2k,nl2p_1,gemma3-12b,0.9567474048442907,0.8297074268567142,0.8887103254319003,0.8041958041958042,0.5512282804074295,0.6541059367223604,0.8077260755048288,0.888030888030888,0.8459770114942529,492,614,1106
