dataset,solver,model,Precision,Recall,F1,Object Precision,Object Recall,Object F1
cooking,nl2p_1,gemma3-12b,0.8774509803921569,0.8059762586983218,0.8401962876040112,0.6489907629148135,0.6903202328966521,0.6690178099100689
wikihow,nl2p_1,gemma3-12b,0.7679112008072654,0.7368675865407892,0.7520691785052501,0.6971177332681974,0.5922390537455904,0.6404128800628296
win2k,nl2p_1,gemma3-12b,0.9567474048442907,0.8297074268567142,0.8887103254319003,0.8041958041958042,0.5512282804074295,0.6541059367223604
