dataset,solver,model,Precision,Recall,F1,Object Precision,Object Recall,Object F1,adjusted_precision,adjusted_recall,adjusted_f1,perfect_action_argument_matches,argument_mismatch_actions,matched_action_events
cooking,nl2p_1,gemma3-12b,0.6951871657754011,0.6382978723404256,0.6655290102389079,0.6354573038578241,0.6633484162895927,0.6491033872038964,0.71338199513382,0.8032876712328767,0.7556701030927835,696,864,1560
wikihow,nl2p_1,gemma3-12b,0.5713925327951564,0.5463096960926194,0.5585696670776819,0.6229615133724723,0.5234310770073993,0.5688756515264334,0.6675987416987067,0.7270650932622763,0.6960641399416909,837,1428,2265
win2k,nl2p_1,gemma3-12b,0.9541522491349481,0.8268365817091454,0.8859437751004017,0.6834345186470078,0.4735576923076923,0.5594604188853389,0.6924428822495606,0.7337057728119181,0.7124773960216998,401,702,1103
