dataset,solver,model,Precision,Recall,F1,Object Precision,Object Recall,Object F1,adjusted_precision,adjusted_recall,adjusted_f1,perfect_action_argument_matches,argument_mismatch_actions,matched_action_events
cooking,nl2p_1,gemma3-12b,0.878774222622803,0.795593635250918,0.8351177730192719,0.6410434782608696,0.6731190650109569,0.6566898271868876,0.7247345654738497,0.8034001743679163,0.762042588381228,874,1076,1950
wikihow,nl2p_1,gemma3-12b,0.7622667588113338,0.7806086341118188,0.7713286713286712,0.6596491228070176,0.5317744672826702,0.5888494466485698,0.695780903034789,0.7236335642802155,0.7094339622641509,1273,2036,3309
win2k,nl2p_1,gemma3-12b,0.956089478044739,0.8631264023934181,0.9072327044025157,0.8445199660152931,0.5709362435381964,0.6812885538039753,0.851027397260274,0.8734622144112478,0.8620988725065047,542,612,1154
