dataset,solver,model,Precision,Recall,F1,Object Precision,Object Recall,Object F1
cooking,gpt3,to,0.927007299270073,0.10649895178197065,0.19104926664159458,0.3684210526315789,0.01871657754010695,0.035623409669211195
win2k,gpt3,to,0.6175115207373272,0.31259720062208396,0.41507485802787814,0.21791044776119403,0.12086092715231789,0.15548455804046857
wikihow,gpt3,to,0.26949844012479,0.2873592630501535,0.2781424148606811,0.27136150234741785,0.16100278551532032,0.20209790209790207
