dataset,solver,model,Precision,Recall,F1,Object Precision,Object Recall,Object F1
wikihow,gpt3,to,0.2688062142273099,0.33580183861082735,0.29859218891916434,0.2636015325670498,0.15765352887259396,0.1973042730140522
cooking,gpt3,to,0.927007299270073,0.10649895178197065,0.19104926664159458,0.6666666666666666,0.06417112299465241,0.11707317073170732
win2k,gpt3,to,0.6175115207373272,0.31259720062208396,0.41507485802787814,0.23615160349854228,0.13410596026490065,0.17106652587117213
