dataset,solver,model,Precision,Recall,F1,Object Precision,Object Recall,Object F1,adjusted_precision,adjusted_recall,adjusted_f1,perfect_action_argument_matches,argument_mismatch_actions,matched_action_events
cooking,nl2p_1_ablation,gemma3-12b,0.8572039333048311,0.8217213114754098,0.8390876752458674,0.6839689265536724,0.6917857142857143,0.6878551136363638,0.7619984264358772,0.8162663295406658,0.7881993896236011,992,1013,2005
wikihow,nl2p_1_ablation,gemma3-12b,0.6974447068928494,0.7740705433746425,0.7337625663616854,0.7517570281124498,0.5838206627680312,0.6572306341891596,0.787536155666579,0.8171896316507503,0.8020889126941617,1486,1762,3248
win2k,nl2p_1_ablation,gemma3-12b,0.9515717926932881,0.8383233532934131,0.8913649025069638,0.8132635253054101,0.5541022592152199,0.659123055162659,0.8153980752405949,0.8842504743833017,0.8484296768320436,506,614,1120
