dataset,solver,model,Precision,Recall,F1,Object Precision,Object Recall,Object F1
cooking,nl2p_1_ablation,gemma3-12b,0.8572039333048311,0.8217213114754098,0.8390876752458674,0.6839689265536724,0.6917857142857143,0.6878551136363638
wikihow,nl2p_1_ablation,gemma3-12b,0.6974447068928494,0.7740705433746425,0.7337625663616854,0.7517570281124498,0.5838206627680312,0.6572306341891596
win2k,nl2p_1_ablation,gemma3-12b,0.9515717926932881,0.8383233532934131,0.8913649025069638,0.8132635253054101,0.5541022592152199,0.659123055162659
