dataset,solver,model,Precision,Recall,F1,Object Precision,Object Recall,Object F1,adjusted_precision,adjusted_recall,adjusted_f1,perfect_action_argument_matches,argument_mismatch_actions,matched_action_events
cooking,nl2p_1_ablation,gemma3-12b,0.826627955205309,0.8138015516537362,0.820164609053498,0.6565445026178011,0.6761322789360172,0.6661944395254118,0.7390962671905698,0.796022005924672,0.7665036674816625,932,1061,1993
wikihow,nl2p_1_ablation,gemma3-12b,0.6597803833984739,0.8251862197392924,0.7332712793463646,0.65608238575413,0.5399011299435028,0.5923486682808716,0.6921684019918515,0.7265383701591827,0.7089370580734902,1386,2159,3545
win2k,nl2p_1_ablation,gemma3-12b,0.951797385620915,0.8707025411061285,0.9094457455113192,0.8458333333333333,0.5796687607081668,0.6879024059640799,0.8601694915254238,0.8887915936952715,0.8742463393626184,557,608,1165
