dataset,solver,model,Precision,Recall,F1,Object Precision,Object Recall,Object F1
cooking,nl2p_1_ablation,gemma3-12b,0.8582342954159593,0.823960880195599,0.8407484407484407,0.6660833041652082,0.6745834810350939,0.670306445931666
wikihow,nl2p_1_ablation,gemma3-12b,0.7071800208116545,0.7948538011695906,0.7484581497797356,0.7105575326215896,0.5554525222551929,0.6235036952222338
win2k,nl2p_1_ablation,gemma3-12b,0.9534497090606816,0.8578908002991773,0.9031496062992126,0.796595744680851,0.5413533834586466,0.6446280991735536
