dataset,solver,model,Precision,Recall,F1,Object Precision,Object Recall,Object F1,adjusted_precision,adjusted_recall,adjusted_f1,perfect_action_argument_matches,argument_mismatch_actions,matched_action_events
cooking,nl2p_1_ablation,gemma3-12b,0.6568791946308725,0.6433853738701726,0.6500622665006227,0.6454864154250657,0.6620224719101123,0.6536498779676059,0.726689689195856,0.7919354838709678,0.7579109853357345,710,856,1566
wikihow,nl2p_1_ablation,gemma3-12b,0.49367850692354004,0.5875328397420587,0.5365321701199564,0.6357514539332721,0.5247599797877716,0.5749480968858132,0.671950824975736,0.7179398548219841,0.6941844919786095,957,1503,2460
win2k,nl2p_1_ablation,gemma3-12b,0.9460370994940978,0.8398203592814372,0.8897700237906423,0.6966292134831461,0.47833827893175074,0.5672061928219563,0.7088830255057168,0.7539756782039289,0.7307343608340889,412,710,1122
