dataset,solver,model,Precision,Recall,F1,Object Precision,Object Recall,Object F1
cooking,nl2p,1,0.8642759872900591,0.7774601878317681,0.8185726569217541,0.7386655260906758,0.6176680972818311,0.6727697701597195
wikihow,nl2p,1,0.7246064265689023,0.7924528301886793,0.7570125042244001,0.6633888048411498,0.48381757999264435,0.5595491280306253
win2k,nl2p,1,0.9381028938906752,0.8728496634255797,0.9043006586594344,0.8069022185702547,0.5366120218579234,0.6445684279619297
