dataset,solver,model,Precision,Recall,F1,Object Precision,Object Recall,Object F1
cooking,nl2p_1_coref,llama3-70b,0.9612021857923497,0.725360824742268,0.8267920094007051,0.6300148588410104,0.6849757673667205,0.6563467492260062
wikihow,nl2p_1_coref,llama3-70b,0.9256323140807852,0.600685938265556,0.7285693061952161,0.5332369942196532,0.4750257466529351,0.5024509803921569
win2k,nl2p_1_coref,llama3-70b,0.9718189581554227,0.8517964071856288,0.9078579976067013,0.7975460122699386,0.5269253039953677,0.6345885634588564
