dataset,solver,model,Precision,Recall,F1,Object Precision,Object Recall,Object F1,adjusted_precision,adjusted_recall,adjusted_f1,perfect_action_argument_matches,argument_mismatch_actions,matched_action_events
cooking,nl2p_1_coref,llama3-70b,0.7707988980716254,0.579296066252588,0.6614657210401892,0.6265344664778093,0.671219018715225,0.6481074481074481,0.7122920021470747,0.8298936835522202,0.7666088965915657,559,840,1399
wikihow,nl2p_1_coref,llama3-70b,0.7032967032967034,0.445993031358885,0.5458422174840085,0.5135242641209228,0.4515564882826163,0.4805509026614554,0.5481953290870488,0.6640946502057613,0.6006047918120493,428,1364,1792
win2k,nl2p_1_coref,llama3-70b,0.9711538461538461,0.8353383458646616,0.8981406628940987,0.7204301075268817,0.47545830869308103,0.5728535803348771,0.7276018099547511,0.7507002801120448,0.7389705882352942,404,707,1111
