dataset,solver,model,Precision,Recall,F1,Object Precision,Object Recall,Object F1
cooking,nl2p_1_coref,llama3-70b,0.9603305785123967,0.7220381110190555,0.8243083471269803,0.6470588235294118,0.7060506950122649,0.6752688172043012
wikihow,nl2p_1_coref,llama3-70b,0.9215070643642073,0.5887662988966901,0.7184822521419828,0.5700792199878123,0.5075963103635377,0.5370264064293914
win2k,nl2p_1_coref,llama3-70b,0.9659090909090909,0.8308270676691729,0.893290218270008,0.8057813911472448,0.5322195704057279,0.6410348544735895
