dataset,solver,model,Precision,Recall,F1,Object Precision,Object Recall,Object F1,adjusted_precision,adjusted_recall,adjusted_f1,perfect_action_argument_matches,argument_mismatch_actions,matched_action_events
cooking,nl2p_1_coref,llama3-70b,0.9580838323353293,0.7251751133086115,0.825515947467167,0.6496459187476705,0.6985971943887775,0.6732329084588644,0.7404418011894648,0.8485881207400194,0.7908348457350273,727,1033,1760
wikihow,nl2p_1_coref,llama3-70b,0.9073345259391771,0.6186874847523787,0.7357122135190021,0.6659129451667609,0.5853416149068323,0.6230331878884041,0.7089978934697563,0.8174878556557946,0.7593875906526995,890,1646,2536
win2k,nl2p_1_coref,llama3-70b,0.971063829787234,0.854681647940075,0.9091633466135459,0.8686956521739131,0.575792507204611,0.6925476603119586,0.8747810858143608,0.8887900355871886,0.881729920564872,548,593,1141
