dataset,solver,model,Precision,Recall,F1,Object Precision,Object Recall,Object F1,adjusted_precision,adjusted_recall,adjusted_f1
cooking,nl2p_1_coref,llama3-70b,0.9603305785123967,0.7220381110190555,0.8243083471269803,0.6470588235294118,0.7060506950122649,0.6752688172043012,0.73771892353695,0.8622066899650525,0.7951197053406999
wikihow,nl2p_1_coref,llama3-70b,0.9215070643642073,0.5887662988966901,0.7184822521419828,0.5700792199878123,0.5075963103635377,0.5370264064293914,0.6110385369039844,0.754739814441307,0.675329362930879
win2k,nl2p_1_coref,llama3-70b,0.9659090909090909,0.8308270676691729,0.893290218270008,0.8057813911472448,0.5322195704057279,0.6410348544735895,0.8065099457504521,0.8585178055822906,0.8317016317016317
