dataset,solver,model,Precision,Recall,F1,Object Precision,Object Recall,Object F1
cooking,nl2p_1_ablation,llama3-70b,0.9590461378952825,0.7591300779647107,0.847457627118644,0.6634022488211825,0.7031910803537101,0.6827174318775663
wikihow,nl2p_1_ablation,llama3-70b,0.9044117647058824,0.6553644950351175,0.7600056171885972,0.5396294390118374,0.48586654309545874,0.5113386978785661
win2k,nl2p_1_ablation,llama3-70b,0.9475873544093179,0.8525449101796407,0.8975571315996848,0.8035398230088495,0.5236447520184544,0.6340782122905028
