dataset,solver,model,Precision,Recall,F1,Object Precision,Object Recall,Object F1,adjusted_precision,adjusted_recall,adjusted_f1,perfect_action_argument_matches,argument_mismatch_actions,matched_action_events
cooking,nl2p_1_ablation,llama3-70b,0.9522309711286089,0.7471169686985173,0.8372951765520423,0.6527728717767574,0.7221570926143025,0.6857142857142858,0.7506092607636068,0.8643592142188962,0.8034782608695652,752,1062,1814
wikihow,nl2p_1_ablation,llama3-70b,0.8901527461813454,0.6623941958887546,0.759567387687188,0.6202500612895318,0.5780214758967329,0.5983916745506149,0.6743070362473348,0.8024104027909927,0.7328023171614773,836,1903,2739
win2k,nl2p_1_ablation,llama3-70b,0.9671564390665515,0.8400900900900901,0.8991562876657292,0.8251121076233184,0.5427728613569321,0.6548042704626335,0.8424908424908425,0.8177777777777778,0.8299503834009924,499,620,1119
