dataset,solver,model,Precision,Recall,F1,Object Precision,Object Recall,Object F1,adjusted_precision,adjusted_recall,adjusted_f1
cooking,nl2p_1_ablation,llama3-70b,0.9581808677469943,0.7549423393739704,0.8445058742225293,0.681918008784773,0.7223730127956572,0.7015627942007155,0.7691990090834021,0.873008434864105,0.8178226514486391
wikihow,nl2p_1_ablation,llama3-70b,0.8999651446497037,0.6411720884032779,0.7488399071925754,0.5784741144414169,0.5195790504160548,0.5474471376998452,0.6213052385133158,0.7705989110707804,0.6879455605962411
win2k,nl2p_1_ablation,llama3-70b,0.9421276595744681,0.834841628959276,0.8852459016393442,0.8224043715846995,0.5333727111636148,0.647079899677535,0.8246575342465754,0.8674351585014409,0.8455056179775281
