dataset,solver,model,Precision,Recall,F1,Object Precision,Object Recall,Object F1,adjusted_precision,adjusted_recall,adjusted_f1,perfect_action_argument_matches,argument_mismatch_actions,matched_action_events
cooking,nl2p_1_ablation,llama3-70b,0.7679235262878386,0.5977676725919802,0.6722454672245467,0.6347787215020116,0.687984496124031,0.6603115554522204,0.7282051282051282,0.8397397989355411,0.7800054929964294,583,863,1446
wikihow,nl2p_1_ablation,llama3-70b,0.6822990126939351,0.4778957767349963,0.562091503267974,0.5355633802816901,0.48687580025608196,0.5100603621730383,0.5807560137457045,0.7120786516853933,0.6397476340694006,454,1481,1935
win2k,nl2p_1_ablation,llama3-70b,0.967828418230563,0.8173584905660377,0.886252045826514,0.7154772937905468,0.467595396729255,0.5655677655677654,0.728989612842304,0.7296786389413988,0.7293339631554085,389,694,1083
