dataset,solver,model,Precision,Recall,F1,Object Precision,Object Recall,Object F1,adjusted_precision,adjusted_recall,adjusted_f1,perfect_action_argument_matches,argument_mismatch_actions,matched_action_events
cooking,gpt3_to_plan,llama3-70b,0.6874657909140668,0.518579686209744,0.5911979289244529,0.6883190883190883,0.6863636363636364,0.6873399715504979,0.771884984025559,0.7803617571059431,0.7761002248634757,633,623,1256
wikihow,gpt3_to_plan,llama3-70b,0.5645380434782609,0.21528497409326425,0.3117029257314329,0.5893832943013271,0.5634328358208955,0.5761159862647844,0.649183147033534,0.6741071428571429,0.6614104248795445,281,550,831
win2k,gpt3_to_plan,llama3-70b,0.8770668583752695,0.9291698400609292,0.9023668639053254,0.7308377896613191,0.8677248677248677,0.7934204160619256,0.7543698252069917,0.8860075634792004,0.8149068322981367,871,349,1220
