dataset,solver,model,Precision,Recall,F1,Object Precision,Object Recall,Object F1
cooking,nl2p,1,0.7922468949943545,0.8609406952965235,0.8251666013328107,0.543646080760095,0.602500822639026,0.5715623536756672
wikihow,nl2p,1,0.6523876404494382,0.8682242990654205,0.7449879711307137,0.497786333012512,0.4339654304413492,0.4636901559978483
win2k,nl2p,1,0.9496344435418359,0.875,0.9107908063887807,0.83889816360601,0.5500821018062397,0.6644628099173554
