dataset,solver,model,Precision,Recall,F1,Object Precision,Object Recall,Object F1
cooking,nl2p,1,0.8982968369829684,0.7743288590604027,0.8317188555981078,0.7012068248023304,0.6203976435935199,0.6583317054112131
wikihow,nl2p,1,0.816141235813367,0.7680987419890815,0.7913915382734165,0.6843225978174075,0.4937584021509506,0.573627844712182
win2k,nl2p,1,0.9740150880134115,0.8736842105263158,0.9211256440745145,0.8793103448275862,0.5595172792100932,0.6838752933288635
