dataset,solver,model,Precision,Recall,F1,Object Precision,Object Recall,Object F1
cooking,nl2p,1,0.9198044009779951,0.7709016393442623,0.8387959866220736,0.6462756387189637,0.6504889532777979,0.6483754512635379
wikihow,nl2p,1,0.8496132913205385,0.7287469287469287,0.7845523078957809,0.667983149025803,0.5332072299285414,0.5930341280972418
win2k,nl2p,1,0.9589153656532456,0.8748125937031485,0.9149353194825559,0.8304383788254756,0.5495347564313081,0.6613965744400526
