dataset,solver,model,Precision,Recall,F1,Object Precision,Object Recall,Object F1
cooking,nl2p,3,0.8204334365325078,0.8586472255974078,0.8391054818919452,0.7813525935653316,0.3890160183066362,0.5194238323876036
wikihow,nl2p,3,0.6758583881871553,0.8822573153738968,0.765387327490682,0.6444444444444445,0.19094650205761318,0.2946031746031746
win2k,nl2p,3,0.9709153122326775,0.850187265917603,0.9065495207667732,0.7956204379562044,0.12151616499442586,0.21083172147001933
