dataset,solver,model,Precision,Recall,F1,Object Precision,Object Recall,Object F1
cooking,nl2p_1,gpt-4o,0.8912938912938912,0.7594262295081967,0.8200929409161317,0.7191989551589029,0.6295731707317073,0.6714082503556187
wikihow,nl2p_1,gpt-4o,0.8068714211348256,0.7398568019093079,0.7719123505976095,0.6336293325694643,0.4496848953039236,0.5260404280618312
win2k,nl2p_1,gpt-4o,0.9790619765494137,0.876311844077961,0.9248417721518988,0.8131089459698848,0.5198187995469988,0.6341968911917099
